Date,oil-sentiment,gold-sentiment,btc-sentiment,BTC-USD,BZ=F,GC=F,rsi-btc,rsi-gold,rsi-brent,rsi-signal-btc,rsi-signal-gold,rsi-signal-brent,btc-returns,gold-returns,brent-returns,rsi-returns,btc-sentiment-signal,gold-sentiment-signal,brent-sentiment-signal,combined-btc,combined-gold,combined-oil,returns_sentiment,returns_combined
2021-10-07,-0.913998544216156,-0.5616828799247742,-0.3064974546432495,53805.984375,81.94999694824219,1757.9000244140625,60.7124055234986,52.99506900977595,72.90368664374147,0,0,-1,-0.02809653406297008,-0.0014768392990273105,0.010730082604096358,-0.6747149808746719,-1,-1,-1,0,0,-1,,
2022-02-28,-0.0999334454536438,0.7653001546859741,0.4485933581988017,43193.234375,100.98999786376953,1899.4000244140625,48.17957123844544,71.1147134747152,66.74736334905086,0,-1,0,0.10146869558634264,0.006838072840743337,0.03124678391767577,2.841288422536559,1,1,0,0,0,0,-0.06147599753662272,-0.00937403517530273
2022-06-09,0.0,0.700448751449585,-0.09649944139851464,30111.998046875,123.06999969482422,1848.800048828125,49.178467271600326,53.079446352542696,71.56824834179221,0,0,-1,-0.003387708269364409,-0.0016739432718125835,-0.004126898597458295,-0.20864203071585796,0,1,0,0,0,0,-0.0020286427890447213,-0.0
2022-09-01,0.0,0.0,0.17558683454990387,20127.140625,92.36000061035156,1696.5999755859375,18.211193032663445,16.09040351406894,41.85195627475178,1,1,0,0.0038592451457939436,-0.009458239596192963,-0.04280233542184286,-0.5816800744776642,1,0,0,1,0,0,-0.0018916479192385928,0.0
2022-10-12,-0.8662466406822205,0.0,-0.8948203325271606,19157.4453125,92.44999694824219,1670.300048828125,46.00244622511856,49.88804277116008,53.49735947904519,0,0,0,0.005565325579645286,-0.005003814015653085,-0.019514306389004976,-0.23704344961422158,-1,0,-1,0,0,0,0.002782662789822643,0.002782662789822643
2022-10-19,0.0,0.7149308919906616,-0.004969990253448487,19139.53515625,92.41000366210938,1627.5,44.03987665154707,42.62606013161776,57.84000920409875,0,0,0,-0.010079479991405349,-0.013038204972710687,0.026435687160753396,0.04045268942629748,0,1,0,0,0,0,-0.0028909661525233447,0.0
2022-12-12,-0.0737004139844109,-0.9160050749778748,0.0,17206.4375,77.98999786376953,1780.5,70.15924999160733,62.18201516045447,29.21793014813963,-1,0,1,0.004277388934601722,-0.009788096226519438,0.024835734921744512,0.16228207798916755,0,-1,0,0,0,0,-0.0019576192453038877,0.0
2023-01-09,-0.05335044860839844,0.7468563914299011,-0.6213374137878418,17196.5546875,79.6500015258789,1872.699951171875,64.99967986340839,71.21597973722021,51.29401871191778,0,-1,0,0.014428172981383103,0.004559596729233117,0.013745727825500209,0.5456592224477382,-1,1,0,0,0,0,-0.0009119193458466236,0.0
2023-01-25,0.0,-0.9222960472106934,0.48077793916066486,23117.859375,86.12000274658203,1941.199951171875,89.84328770831975,78.5899049493005,78.4731976868349,-1,-1,-1,0.021266153759075257,0.003774717754618351,-0.0001160397904870214,1.0088498621441755,1,-1,0,0,-1,0,-0.009878133328613958,0.0
2023-01-27,-0.7295374870300293,0.8863049745559692,0.0,23078.728515625,86.66000366210938,1928.5999755859375,89.08206695715639,76.87815683904948,75.71522596460017,-1,-1,-1,0.0019950339114214177,-0.00025918822576742606,-0.009260289782664799,-0.13527274590916777,0,1,-1,0,0,-1,0.001049354600864194,5.183764515348521e-05
2023-02-01,-0.5611435770988464,0.9000526666641235,0.0,23723.76953125,82.83999633789062,1927.800048828125,86.2819592213666,71.94725588169234,50.550155995223854,-1,-1,0,0.025259482888651652,-0.0008810319626199048,-0.01952895688954026,0.7031450094542782,0,1,-1,0,0,0,0.005682480674338097,0.005858687066862078
2023-02-08,0.0,-0.8779636025428772,-0.8913129568099976,22939.3984375,85.08999633789062,1877.4000244140625,66.32832581528533,32.1342911619429,47.0490680182163,0,0,0,-0.013965290320121615,0.003045399044124819,0.01672832901952126,-0.2495779784133366,-1,-1,0,0,0,0,-0.004409418897031414,0.0
2023-02-15,-0.6949606835842133,-0.9123773574829102,-0.4152628779411316,24307.841796875,85.37999725341797,1834.199951171875,59.23186506772662,16.41894069176668,43.708594670445386,0,1,0,0.09392266116037784,-0.010679637987122459,-0.0023370480644713254,1.8474548616836775,-1,-1,-1,0,0,0,-0.044825402982764426,0.0
2023-02-17,-0.30296212434768677,-0.7313631176948547,-0.9443256258964539,24565.6015625,83.0,1840.4000244140625,60.46022592857553,21.45328719723183,44.214364736379174,0,1,0,0.03988096453648349,-0.0008686078099552352,-0.02513506465808857,0.7240947698917688,-1,-1,-1,0,0,0,-0.012226241308824128,0.0
2023-03-06,-0.18982944885889688,-0.9445202946662903,0.0,22429.7578125,86.18000030517578,1847.9000244140625,53.86404272532237,48.18840419462271,48.36003228665521,0,0,0,0.0029995566692972986,0.0001082823226037366,0.004077810400261006,0.14102439590477034,0,-1,-1,0,0,0,-0.0027447779192476983,0.0
2023-03-07,-0.8146413564682007,-0.9402742981910706,-0.4169878214597702,22219.76953125,83.29000091552734,1813.9000244140625,49.99339941884997,35.91005051809138,42.35137866555632,0,0,0,-0.00936203961743065,-0.018399263786351705,-0.0335344555513406,-0.9159830889722334,-1,-1,-1,0,0,0,0.013740189422672522,-0.0
2023-03-13,-0.02410520613193512,-0.7741469144821167,-0.24982671439647675,24197.533203125,80.7699966430664,1911.699951171875,48.81082607694366,69.11121624537864,43.387463296875445,0,0,0,0.19865460756129938,0.026691703099825492,-0.02428125351377952,1.3798206063194591,-1,-1,0,0,0,0,-0.09738126834648093,0.0
2023-03-15,-0.7878229916095734,0.8344513773918152,-0.7911702990531921,24375.9609375,73.69000244140625,1926.5999755859375,52.04593314643732,75.04612829211301,28.97337283342891,0,-1,1,-0.014956444322371198,0.010701933132209573,-0.04854738095533617,-0.8508437129418714,-1,1,-1,0,0,0,0.005337835534743684,0.0
2023-03-20,-0.07210183143615723,-0.8447951674461365,0.02296125888824463,27767.236328125,73.79000091552734,1979.199951171875,68.60923178012251,79.43595179727429,25.627409271116434,0,-1,1,0.012518506448092381,0.004772008381938253,0.011237490490702662,0.5807494797814085,0,-1,0,0,-1,0,-0.00867609869486934,0.0
2023-03-21,-0.3877479135990143,-0.9687365889549255,0.8581502735614777,28175.81640625,75.31999969482422,1938.0,68.37838591801741,67.4313635472612,29.40906951068763,0,0,1,0.014714466837708162,-0.020816467354640267,0.020734500072013384,0.3334704092333193,1,-1,-1,0,0,0,0.004163293470928054,0.004163293470928054
2023-04-06,0.0,0.8558038473129272,0.07932694753011067,28044.140625,85.12000274658203,2011.9000244140625,54.41801733214907,58.00075626996517,87.2927853350912,0,0,-1,-0.004749940528704033,-0.004453461275309434,0.0015296492067322642,-0.18211730417970623,0,1,0,0,0,0,-0.001943172771309809,0.0
2023-04-12,0.6130247712135315,0.01618477702140808,-0.7206981182098389,30139.052734375,87.33000183105469,2010.9000244140625,68.42116096793154,62.90775905509876,81.93273501118763,0,0,-1,-0.003175315803583212,0.003042685274026846,0.02009112496718224,0.431314244263416,-1,0,1,0,0,0,0.0006085370548053693,0.0
2023-04-13,-0.9600102305412292,0.8024325370788574,-0.29716581106185913,30399.06640625,86.08999633789062,2041.300048828125,64.92282339737383,60.25031505388581,79.73124250208114,0,0,-1,0.00862713483952482,0.015117620988104763,-0.014199077833101703,0.13633163804396364,-1,1,-1,0,0,-1,-0.008573290769692921,0.0
2023-04-27,0.0,-0.725372850894928,0.0,29473.787109375,78.37000274658203,1989.9000244140625,57.18830582287152,44.88373254966263,31.38445068374169,0,0,0,0.036980508331842854,0.002115160067214017,0.008752738882826572,1.0441131893386457,0,-1,0,0,0,0,-0.020693043817326597,-0.0026258216648479714
2023-04-28,0.0,-0.8656931519508362,-0.9566921591758728,29340.26171875,79.54000091552734,1990.0999755859375,48.15373091370671,50.25987473225796,37.36383650490634,0,0,0,-0.00453030993708059,0.00010048302398191211,0.01492915819753926,0.011924664317892464,-1,-1,0,0,0,0,-2.0096604796382424e-05,0.0
2023-05-03,-0.929111123085022,0.0,0.4727747142314911,29006.30859375,72.33000183105469,2028.5999755859375,42.816595170957086,46.69441470179865,17.516526758363526,0,0,1,0.01135862564681589,0.007099203897717121,-0.0396972633548085,0.08570625648855329,1,0,-1,0,0,0,-0.007099153602951369,0.0
2023-06-14,0.7915645837783813,0.7549087405204773,-0.8275502324104309,25124.67578125,73.19999694824219,1955.300048828125,42.54719461736821,47.75045254567929,37.63181379290166,0,0,0,-0.030636253390914137,0.0055024546829809395,-0.014672283670107422,-0.7919962094397596,-1,1,1,0,0,0,-0.010916441594424842,0.0
2023-06-21,0.0,0.31962552666664124,0.6050955255826315,30027.296875,77.12000274658203,1933.300048828125,62.566523387541615,40.09068304812052,61.66317584674496,0,0,0,0.06000562340273241,-0.0011366319668689728,0.016073797051073146,1.8560107766760896,1,1,0,0,0,0,-0.025407998979418058,0.0
2023-07-03,0.06129541397094727,0.389213502407074,0.3505342900753021,31156.439453125,74.6500015258789,1921.699951171875,78.7900095659286,34.47318068178741,58.12609184299789,-1,0,0,0.022285063661402704,0.00031230836164808373,-0.0033377836436174757,0.7555666599056418,1,1,0,0,0,0,0.01120499350303097,0.0
2023-07-05,0.7659693956375122,0.9443022608757019,0.30837637186050415,30514.166015625,76.6500015258789,1919.5999755859375,73.56481670660798,37.44981150205166,57.00712287756643,-1,0,0,-0.020614468430075417,-0.0010927697555785931,0.02679169402704784,-0.3524523919529142,1,1,1,0,0,0,-0.010525788166153427,0.0
2023-07-31,0.09007322529087895,0.19351508220036825,-0.367687925696373,29230.111328125,85.55999755859375,1970.5,34.48087388822202,64.41177262568328,72.54757621437822,0,0,-1,-0.003040145211782974,0.005151997276145792,0.006706667950949541,0.15763466017783187,-1,1,0,0,0,0,0.0015223272346225334,0.0
2023-08-01,0.0,-0.05103427171707153,-0.5062307119369507,29675.732421875,84.91000366210938,1940.699951171875,42.3796242243411,44.49964132615755,67.64708192292287,0,0,0,0.015245275282999904,-0.01512308999143619,-0.007596936828326184,-0.0973276056376961,-1,0,0,0,0,0,-0.01064725563978719,0.0
2023-08-07,-0.027123961448669433,0.22111066182454428,0.0,29180.578125,85.33999633789062,1933.5,37.73188977047804,32.78172387654824,70.37829483875078,0,0,-1,0.0036625848493896385,-0.0031449657984733426,-0.01043601053075871,-0.21215061042727223,0,1,0,0,0,0,-0.0018312924246948192,0.0
2023-08-16,-0.9025231599807739,-0.6741308718919754,-0.866316556930542,28701.779296875,83.44999694824219,1896.0999755859375,41.724943501640645,28.50912388173117,47.32203217999362,0,1,0,-0.016063173634291772,-0.0033640075763797794,-0.016963157636467607,-0.6800277685747582,-1,-1,-1,0,0,0,-0.0006728015152759559,-0.0
2023-08-17,-0.9614610075950623,-0.32660213112831116,-0.3125203847885132,26664.55078125,84.12000274658203,1884.0999755859375,23.47234160153826,15.845979327815215,47.034784182464584,1,1,0,-0.07097917151940503,-0.006328780209119422,0.00802882951278483,-1.4029043979491187,-1,-1,-1,0,0,0,0.03434669294769095,0.0
2023-08-21,-0.23492843613905065,-0.7097456336021424,-0.4752025008201599,26124.140625,84.45999908447266,1893.300048828125,15.575069922695988,20.740801022376544,48.44504551529963,1,1,0,0.002863157534845895,0.0038174398681865007,-0.004009480601995241,-0.019568014323307042,-1,-1,-1,0,0,0,-0.0009922225604616754,0.0
2023-08-24,-0.5179821252822876,0.36448027193546295,0.0,26162.373046875,83.36000061035156,1918.199951171875,22.34894489004496,38.137468382867404,37.05039302981839,1,0,0,-0.01018731988472621,-0.00015639761695329657,0.001802686306084711,-0.09614433995380982,0,1,-1,0,0,0,0.004584133573928351,0.0
2023-08-28,-0.05531060397624969,-0.10813289880752563,0.0,26106.150390625,84.41999816894531,1917.9000244140625,11.455460450548927,46.501160080020725,41.72187199101509,1,0,0,0.002245207591910381,0.0035581858170659064,-0.0007102886553490562,0.03977910730443339,0,-1,0,0,0,0,0.0009247237600178981,0.0
2023-08-29,-0.9665185809135437,-0.7561931312084198,-0.2662857969601949,27727.392578125,85.48999786376953,1936.5,35.122821559408905,60.71063423194322,39.961005382952564,0,0,0,0.062101924766441385,0.009698094451831452,0.012674718289887643,0.6045414922514831,-1,-1,-1,0,0,0,-0.0019396188903662904,0.0
2023-08-31,-0.3167829712231954,0.3049415747324626,-0.90296870470047,25931.47265625,86.86000061035156,1938.199951171875,27.769911451217013,61.51040260889944,50.24827676078001,1,0,0,-0.0500340578984273,-0.003137426067507776,0.011646866909984954,-0.7136513769408741,-1,1,-1,0,0,0,0.022150454089719718,0.0
2023-09-01,-0.05773423115412394,-0.6365036070346832,0.0,25800.724609375,88.55000305175781,1939.800048828125,27.213366005879877,63.36995804683596,60.483863800591614,1,0,0,-0.005042060225742162,0.0008255586093077749,0.019456624793125377,0.2334458657175567,0,-1,0,0,0,0,-0.0031508456032049766,0.0
2023-09-07,-0.18439648151397706,-0.32304245233535767,0.0,26240.1953125,89.91999816894531,1917.5,46.28205777586731,65.90471805925156,77.72460549301066,0,0,-1,0.018908652030005024,-0.00031279682684648424,-0.007505522258590469,0.08732129741967815,0,-1,-1,0,0,-1,6.255936536929685e-05,0.0
2023-09-08,-0.2906187057495117,-0.4131413847208023,0.0,25905.654296875,90.6500015258789,1918.4000244140625,48.674054824498256,65.54375716675753,77.83058416674592,0,0,-1,-0.012749181613965876,0.0004693738795631397,0.008118364899897257,-0.09954337665905405,0,-1,-1,0,0,-1,-0.002529384245881805,-0.002435509469969177
2023-09-11,0.032692025601863864,-0.3067105213801066,0.0,25162.654296875,90.63999938964844,1923.300048828125,42.112269347477,64.76372986026841,80.35358966960575,0,0,-1,-0.028680997263583086,0.0025542245369596372,-0.00011033795986881145,-0.6671038224161996,0,-1,0,0,0,0,-0.000477743519431284,3.3101387960643436e-05
2023-09-12,0.09097677895001002,0.26115010182062787,0.4446491599082947,25833.34375,92.05999755859375,1911.300048828125,48.514073974342836,56.742070150980034,85.94444550692724,0,0,-1,0.026654161568650414,-0.006239276085554968,0.015666352366585423,0.8580721523246039,1,1,0,0,0,0,0.0012478552171109937,0.0
2023-09-13,0.06325412541627884,0.6641387939453125,0.2524827718734741,26228.32421875,91.87999725341797,1909.0999755859375,48.47543722547091,44.81237511772449,91.16802759040422,0,0,-1,0.01528956036711282,-0.0011510873154303436,-0.001955249945137294,0.30740355419355314,1,1,0,0,0,0,0.007414562720470341,0.0
2023-09-14,0.251715324819088,0.28145304322242737,0.0,26539.673828125,93.69999694824219,1910.0,52.81143704079725,45.50443439689258,92.3769917702679,0,0,-1,0.011870739692642074,0.00047143912082781014,0.019808443069544435,0.833713915026983,0,1,1,0,0,0,0.006029657670486599,0.0
2023-09-15,0.3464948832988739,-0.10854072868824005,0.0,26608.693359375,93.93000030517578,1923.699951171875,54.20910894872871,56.44167797289251,91.77712749236724,0,0,-1,0.0026006171627044328,0.0071727493046465085,0.002454678382333819,0.20197628623047148,0,-1,1,0,0,0,0.0021709533756294475,0.0
2023-09-18,-0.11419466806917775,-0.7829556862513224,0.0,26754.28125,94.43000030517578,1931.5,54.79988463255266,56.88254982560575,92.5957261133552,0,0,-1,0.005471440805405292,0.0040547117669642585,0.005323112939162211,0.3406339169902747,0,-1,-1,0,0,-1,0.0007859915283558116,0.0
2023-09-19,0.8726150989532471,-0.43983737627665204,0.4551783800125122,27211.1171875,94.33999633789062,1932.0,45.379771062415124,47.21191109336286,91.086298486803,0,0,-1,0.017075246134672373,0.00025886616619197333,-0.0009531289526027997,0.4443290524117837,1,-1,1,0,0,0,0.00023416545254244524,0.0002859386857808399
2023-09-20,0.022547289729118347,-0.2830233375231425,0.0,27132.0078125,93.52999877929688,1945.5999755859375,48.42193843523256,50.751399569016,84.21049765945833,0,0,-1,-0.00290724465500225,0.0070393248374418516,-0.008585940110625412,-0.2341155038685671,0,-1,0,0,0,0,-0.005437269328177119,0.0
2023-09-21,-0.3749429838997977,-0.2534606059392293,0.0,26567.6328125,93.30000305175781,1919.199951171875,57.172554059398614,41.10489331449707,80.84291635730114,0,0,-1,-0.02080107760178318,-0.0135690916659843,-0.0024590583827739376,-0.7034678871519318,0,-1,-1,0,0,-1,0.0027138183331968605,-0.0
2023-09-22,0.3754920959472656,0.16905435174703598,0.0,26579.568359375,93.2699966430664,1925.4000244140625,59.023019143549924,43.53680893193117,76.87921495499269,0,0,-1,0.0004492514240630463,0.0032305509586958436,-0.000321612086923051,0.03160069845231576,0,1,1,0,0,0,-0.0005496265656622535,9.648362607691529e-05
2023-09-25,-0.015189199535935014,-0.330597922205925,-0.8590595126152039,26298.48046875,93.29000091552734,1916.5999755859375,55.66513858378684,45.497206473606646,72.22978318363326,0,0,-1,-0.010575336921370915,-0.004570504163571409,0.00021447703635590898,-0.3469445422239091,-1,-1,0,0,0,0,-0.0008497577218075092,0.0
2023-09-26,-0.8287888367970785,-0.8310863375663757,-0.11519075433413188,26217.25,93.95999908447266,1900.4000244140625,55.01018803257302,42.284254127182784,72.6414725733017,0,0,-1,-0.0030887894396227633,-0.008452442543166794,0.007181886186837794,-0.007257626187473193,-1,-1,-1,0,0,-1,0.0032348832284447406,0.0
2023-09-27,0.4184856315453847,-0.31425448258717853,0.0,26352.716796875,96.55000305175781,1871.5999755859375,51.31474630925783,33.939839694389136,85.53050770951768,0,0,-1,0.005167086436411061,-0.01515472977169885,0.02756496373479811,0.6146677763823235,0,-1,1,0,0,0,-0.007822086384305192,-0.008269489120439432
2023-09-28,-0.0077291131019592285,0.19422278801600137,0.0,27021.546875,95.37999725341797,1860.4000244140625,62.0937796741982,31.07052021647533,74.20668511669749,0,0,-1,0.02537992888096885,-0.005984158643926429,-0.012118133209303328,0.2996210031558459,0,1,0,0,0,0,-0.0024386082340057125,0.0
2023-09-29,-0.008858323097229004,-0.6730545262495676,-0.22414453327655792,26911.720703125,95.30999755859375,1848.0999755859375,71.97140622377849,26.5878049948428,73.75376424202912,-1,1,-1,-0.004064392478456136,-0.006611507561121943,-0.000733903300901062,-0.18360950074802662,-1,-1,0,-1,0,0,-0.0013223015122243887,-0.0
2023-10-02,-0.1497309781037844,-0.22330917418003082,-0.08113892589296613,27530.78515625,90.70999908447266,1830.0,71.6030970015322,25.61489094967223,44.81169612179804,-1,1,0,0.023003525488175747,-0.009793829243571639,-0.048263546238086374,-0.292166708890333,0,-1,-1,0,0,0,-0.009542996895373546,-0.011501762744087873
2023-10-03,-0.1502334475517273,-0.13272390365600586,-0.48656418919563293,27429.978515625,90.91999816894531,1824.5999755859375,66.53110334535813,25.13245228197283,46.3190264811041,0,1,0,-0.003661597010505724,-0.0029508330131489124,0.0023150599337686817,-0.11508536745364364,-1,-1,-1,0,0,0,-0.00010435137750082197,0.0
2023-10-04,-0.3347827196121216,-0.835800051689148,-0.28026068210601807,27799.39453125,85.80999755859375,1818.5,67.0574053729834,23.87208767306646,25.842035724030183,0,1,1,0.013467601347721292,-0.003343185173494634,-0.0562032634542764,-0.3497814343077954,-1,-1,-1,0,0,0,0.0107958153971212,0.0
2023-10-05,-0.11792436242103577,-0.8508981267611185,-0.22283053398132324,27415.912109375,84.06999969482422,1816.5999755859375,60.07246984322572,17.20763517983488,22.365487104877587,0,1,1,-0.01379463216164356,-0.0010448305823824722,-0.020277332633431233,-0.6247068441608422,-1,-1,-1,0,0,0,0.013189481987327646,-0.0
2023-10-09,-0.017321266446794784,-0.16956740617752075,-0.3932441174983978,27583.677734375,88.1500015258789,1849.5,54.3338769489848,28.046850536420322,35.48993889691094,0,1,0,-0.012986193394237233,0.01054532255656948,0.042208555421353156,-0.08675092460184147,-1,-1,0,0,0,0,-0.008278534440601226,0.0
2023-10-10,0.09545904397964478,-0.7766987681388855,0.0,27391.01953125,87.6500015258789,1861.0,52.935452538787715,27.233612009920662,36.01333509973196,0,1,0,-0.006984500217130485,0.00621789672884554,-0.005672149646568148,-0.21526027694414873,0,-1,0,0,0,0,0.0022486707627961343,0.0
2023-10-11,0.1485605537891388,-0.629997119307518,-0.9174299836158752,26873.3203125,85.81999969482422,1872.800048828125,53.50148729091124,36.44864211192808,33.46596506873364,0,0,0,-0.018900326735168282,0.00634070329292058,-0.02087851453732581,-0.6912841058838574,-1,-1,1,0,0,0,-0.0012681406585841161,0.0
2023-10-12,0.22313467413187027,-0.8215413689613342,0.6501649022102356,26756.798828125,86.0,1869.300048828125,51.98257886006632,33.35313503140138,34.0360280126292,0,0,0,-0.0043359541366684295,-0.0018688594130430447,0.002097416753855219,-0.10855585240344415,1,-1,1,0,0,0,0.0031709739770993894,0.0
2023-10-16,0.09229517627406765,-0.04728984832763672,-0.15068958202997842,28519.466796875,89.6500015258789,1921.0999755859375,69.6098737532287,54.97833972748805,42.36087108679226,0,0,0,0.06168820876318648,-0.003268677362417427,-0.013642841589794896,1.523540295506925,-1,0,0,0,0,0,0.027404987377138257,0.0
2023-10-18,0.6312495536274381,-0.9466199278831482,-0.47490788996219635,28328.341796875,91.5,1955.300048828125,62.42939395932186,73.478456515896,42.62357808222516,0,-1,0,-0.0030759792019486865,0.016955374465152717,0.01779753556133712,0.3117678163948577,-1,-1,1,0,-1,0,0.0015379896009743432,0.0
2023-10-19,-0.01640893518924713,0.0,0.0,28719.806640625,92.37999725341797,1968.4000244140625,66.32285015646832,79.64513602196662,44.596088041716,0,-1,0,0.013818840741083749,0.006699726517057414,0.0096174563215079,0.6527871591951766,0,0,0,0,0,0,-0.0053641287775009865,-0.001339945303411483
2023-10-23,-0.08049807449181874,0.15336689352989197,0.07738611698150635,33086.234375,89.83000183105469,1976.300048828125,80.79049408272385,87.98197736718211,47.806847606702576,-1,-1,0,0.1146545490196853,-0.0031273398092686033,-0.0252821369191486,3.4563564725973435,0,1,0,0,0,0,0.0,0.0
2023-10-24,0.13421618938446045,-0.9561840295791626,-0.1295267701148987,33901.52734375,88.06999969482422,1975.0,81.67982277181059,90.14876407816001,55.25582078652343,-1,-1,0,0.02464145540134477,-0.0006578195597859438,-0.019592587112939652,0.7028244773730636,-1,-1,1,-1,-1,0,-0.00013156391195718876,0.0
2023-10-25,0.16087301075458527,0.4404647648334503,0.0,34502.8203125,90.12999725341797,1984.0999755859375,85.97869773763858,91.43986122285281,63.886342259937976,-1,-1,0,0.017736456610143003,0.004607582575158142,0.02339045720145294,1.1951665645374079,0,1,1,0,0,0,-0.0027726076596672486,-0.00978974482010313
2023-10-26,0.28472475210825604,0.6530963182449341,0.4673924446105957,34156.6484375,87.93000030517578,1987.199951171875,82.12901053577824,90.97075156028205,57.124628549528296,-1,-1,0,-0.010033147199696724,0.0015624089632992888,-0.024409153614600387,-0.8705686360938228,1,1,1,0,0,0,-0.007010264291720258,0.0
2023-10-27,0.28083935379981995,-0.948936939239502,0.9118335843086243,33909.80078125,90.4800033569336,1988.5999755859375,83.12741131880026,90.04027545572546,55.1800863556921,-1,-1,0,-0.007226928505637331,0.0007045211596532486,0.029000375786507382,0.21303862856664385,1,-1,1,0,-1,0,0.005227552715064198,0.0
2023-10-30,-0.038747129440307615,0.8402890563011169,0.4616819262504578,34502.36328125,87.44999694824219,1996.199951171875,85.74231350524423,89.81151716532399,49.60031054262323,-1,-1,0,0.01747466768745065,0.0038217719396773653,-0.033488133247943974,0.24077119853879003,1,1,0,0,0,0,-0.0020734605185933393,-0.0007643543879354731
2023-10-31,-0.04191220998764038,-0.953315258026123,0.08014326095581055,34667.78125,87.41000366210938,1985.199951171875,90.61394906540667,83.25440897744083,53.4223090441707,-1,-1,0,0.004794395311462418,-0.0055104700275854235,-0.0004573274731671795,0.09975546283081393,0,-1,0,0,-1,0,0.0012951036502141244,0.0
2023-11-01,0.13477739691734314,0.3400653898715973,0.23591454327106476,35437.25390625,84.62999725341797,1978.800048828125,92.34887201309154,81.84993083388486,47.34803899705487,-1,-1,0,0.022195613001625203,-0.0032238074255301896,-0.031804213387723324,0.44222048167674,1,1,1,0,0,0,0.000644761485106038,0.000644761485106038
2023-11-02,0.0,-0.8701497316360474,0.14429183006286622,34938.2421875,86.8499984741211,1985.5999755859375,87.9427308344816,74.12936229824464,41.27806215981081,-1,-1,0,-0.014081557224217889,0.003436389018607322,0.02623184795877398,-0.22134635418884174,1,-1,0,0,-1,0,0.0015160535792447128,0.0
2023-11-03,-0.22359967231750488,-0.9117289185523987,0.0,34732.32421875,84.88999938964844,1991.5,83.79857176098831,79.28457758229348,40.03349521836907,-1,-1,0,-0.005893770145759425,0.002971406369161267,-0.0225676352205888,-0.4945679037400588,0,-1,-1,0,-1,0,-0.0035411663467119657,-0.0005942812738322534
2023-11-06,-0.14919050085929134,-0.8256640434265137,0.0,35037.37109375,85.18000030517578,1981.5999755859375,85.25014686387149,72.91831920894563,40.133775957326414,-1,-1,0,0.008782794755650691,-0.004971139550119297,0.0034161964614491946,0.33019457384127565,0,-1,-1,0,-1,0,-3.0631028410899e-05,0.0009942279100238593
2023-11-07,-0.11832235256830852,-0.46931591629981995,0.5737741986910502,35443.5625,81.61000061035156,1966.800048828125,86.63440124712068,55.19423235544499,30.8999621035087,-1,0,0,0.011593090279608864,-0.007468675282677251,-0.04191124303867011,-0.1193812566567688,1,-1,-1,0,0,0,0.014067107968136483,0.0014937350565354503
2023-11-08,-0.562366118033727,0.8382328152656555,0.1844415863355001,35655.27734375,79.54000091552734,1951.5,86.38234235186815,42.51547506419786,26.292475129809574,-1,0,1,0.005973294692089626,-0.007779158251110085,-0.025364534730338617,-0.0622554776295931,1,1,-1,0,0,0,0.012151839415368414,0.0
2023-11-10,0.9012321829795837,0.5853101313114166,0.5638262629508972,37313.96875,81.43000030517578,1932.5999755859375,80.97861865643873,34.039392482989044,34.10295291001273,-1,0,0,0.01691989303173269,-0.016087962718400628,0.017747758168129124,0.7450764280364507,1,1,1,0,0,0,-8.197347825251652e-05,0.0
2023-11-13,0.05306633960369021,0.0,0.0008939266204833985,36502.35546875,82.5199966430664,1945.5,69.06778593144656,40.06732373757717,39.22329504513046,0,0,0,-0.021750923539860634,0.006674958386125196,0.013385685052261342,-0.6982901496156194,0,0,0,0,0,0,-0.005524764577026876,0.0
2023-11-14,-0.062236225605010985,-0.4978494644165039,0.0,35537.640625,82.47000122070312,1961.800048828125,57.202883828980106,42.83880820984513,33.866898226631605,0,0,0,-0.026428838121854925,0.008378334015998412,-0.0006058582694753456,-0.8526803099262016,0,-1,0,0,0,0,0.0,0.0
2023-11-16,-0.23869495590527853,0.7529751062393188,0.7825959026813507,36154.76953125,77.41999816894531,1983.9000244140625,60.53075201228996,48.67007570157635,22.83692868007988,0,0,1,-0.04555929205565723,0.012142262703212614,-0.04631685294525356,-1.9902542070374993,1,1,-1,0,0,0,-0.002428452540642523,0.0
2023-11-17,-0.8776545226573944,0.011991411447525024,0.0018267035484313965,36596.68359375,80.61000061035156,1981.5999755859375,59.96492409762074,45.7409645547461,35.86777437922886,0,0,0,0.012222842746045792,-0.0011593572255760298,0.04120385581054986,0.6409345857332132,0,0,-1,0,0,0,-0.006481606815257268,0.0
2023-11-20,-0.11674280216296513,0.5664388537406921,0.4116615156332652,37476.95703125,82.31999969482422,1977.699951171875,62.514909495403856,47.71759045310881,40.1623435893186,0,0,0,0.024053366345204497,-0.0019681189251676834,0.0212132374584435,0.9314358964958398,1,1,-1,0,0,0,-0.00636397123753305,0.0
2023-11-22,-0.0013928347163730198,0.5253985524177551,0.08530086278915405,37432.33984375,81.95999908447266,1991.4000244140625,59.42128553700777,51.60576906179071,38.62261141974257,0,0,0,0.045192824521265385,-0.003951395098846233,-0.005942970065567432,1.040130021445828,0,1,0,0,0,0,0.023589024260533675,0.0
2023-11-27,-0.1262552410364151,0.9217655062675476,0.2370811104774475,37254.16796875,79.9800033569336,2011.800048828125,58.22278814967996,58.15335353334287,37.74740719061922,0,0,0,-0.012357099836046381,0.004794774693022585,-0.007445997275838501,-0.4161889243966155,1,1,-1,0,0,0,0.0009589549386045172,0.0
2023-11-28,0.19663286954164505,-0.8240109980106354,0.17423993349075317,37831.0859375,81.68000030517578,2039.699951171875,58.74530187879062,68.3811887648694,50.180877921301644,0,0,0,0.01548599794884531,0.013868128872947194,0.02125527477981537,0.852814082788548,1,-1,1,0,0,0,0.004140042315067483,0.0
2023-11-29,0.10707174407111274,0.9142357707023621,-0.08194494744141896,37858.4921875,83.0999984741211,2047.0999755859375,58.18065099662084,75.10500019554303,59.51871937019491,0,-1,0,0.0007244373065387055,0.00362799656381374,0.017384894265914053,0.33261276475589713,0,1,1,0,0,0,0.00485208762028082,0.0
2023-12-01,-0.2784886161486308,-0.6514565348625183,-0.16140806674957275,38688.75,78.87999725341797,2071.0,55.31662840703574,86.8084454311054,43.93722051833487,0,-1,0,0.025879947957747618,0.016142497820600843,-0.047688089947087065,0.10042479442457242,-1,-1,-1,0,-1,0,-0.01107792742000595,0.0
2023-12-04,-0.15919828755514961,0.19540584087371826,0.2447055478890737,41980.09765625,78.02999877929688,2024.0999755859375,67.77471484191008,67.70266800173977,39.20153688919389,0,0,0,0.08507247342573754,-0.022646076491580125,-0.010775843099871119,1.8177488826448742,1,1,-1,0,0,0,-0.034774268484591406,0.004529215298316025
2023-12-05,-0.20215167907568124,-0.6169697642326355,0.16926923394203186,44080.6484375,77.19999694824219,2018.5,75.81805191824769,63.41691257859746,37.78394480518332,-1,0,0,0.05003682455553493,-0.0027666496978818733,-0.010636958144806585,1.533058312597736,1,-1,-1,0,0,0,0.02765616978163307,0.0
2023-12-07,-0.23226599395275116,-0.9207676649093628,0.05169506371021271,43292.6640625,74.05000305175781,2029.9000244140625,76.90728249995362,61.59273337623839,41.433660281810766,-1,0,0,-0.010372985662227885,-0.0002954816970881513,-0.003364737412269614,-0.40335770878138866,0,-1,-1,0,0,0,-0.004117975268015429,-0.0
2023-12-08,0.09594613313674927,-0.4156661629676819,-0.19320542812347413,44166.6015625,75.83999633789062,1998.300048828125,77.63571941751476,53.66712074449464,36.945782362752134,-1,0,0,0.02018673414826888,-0.015567257109156851,0.024172764515373313,0.8849572835421142,-1,-1,0,-1,0,0,-0.004138377932780624,0.0
2023-12-11,-0.2509164433730276,0.9289895296096802,-0.4845477342605591,41243.83203125,76.02999877929688,1978.0,61.96715436080365,50.06146020239359,31.22385220726656,0,0,0,-0.06617601146228103,-0.010158659026220707,0.002505306574116073,-2.6500801717086335,-1,1,-1,0,0,0,0.03511973753638466,0.03308800573114051
2023-12-12,-0.2491401880979538,-0.5830837488174438,-0.7089665234088898,41450.22265625,73.23999786376953,1977.800048828125,69.73306795029347,45.17287725325841,26.27509477792779,0,0,1,0.005004157345118276,-0.00010108754897619754,-0.03669605366726725,-0.18970306962566147,-1,-1,-1,0,0,0,0.008486519917825796,0.0
2023-12-15,0.5708242356777191,0.49859684705734253,0.0,41929.7578125,76.55000305175781,2021.0999755859375,66.03753714442976,51.8171033104982,41.58075009316707,0,0,0,-0.025432678020983368,-0.00448230509545855,-0.0007831556992005106,-0.9368037076895439,0,1,1,0,0,0,0.013847746739343548,-0.0
2023-12-18,-0.05350432029137245,0.8503621220588684,-0.7477162679036459,42623.5390625,77.94999694824219,2026.300048828125,66.30764715546488,47.12695001083557,40.70750809792243,0,0,0,0.016546273725272398,0.002572892635199775,0.018288619734447176,0.8011379095823858,-1,1,0,0,0,0,0.006001164447374107,0.0
2023-12-21,0.0015611052513122559,0.6475550532341003,0.0,43869.15234375,79.38999938964844,2039.0999755859375,66.71489706884353,42.20047837264955,51.54639986119947,0,0,0,0.0049688697318006625,0.002260985788123726,-0.0038895554637858876,0.14259918674160746,0,1,0,0,0,0,-0.002032237708275586,0.0
2023-12-22,-0.263873815536499,0.773208737373352,0.0,43997.90234375,79.06999969482422,2057.10009765625,58.18000255903193,59.39639141753823,53.25815153350508,0,0,0,0.002934864092908329,0.008827483833959704,-0.0040307305363948,0.110073491670172,0,1,-1,0,0,0,0.0017654967667919408,0.0
2024-01-02,-0.5418212413787842,0.07855561375617981,0.022663454214731853,44957.96875,75.88999938964844,2064.39990234375,65.15912780317888,78.45850247357552,49.59255107877375,0,-1,0,0.06790040350001258,0.0009697440335054708,-0.014927330116984994,1.1854349254142482,0,0,-1,0,0,0,0.004672147841796592,0.0
2024-01-03,-0.22373084723949432,0.663655161857605,-0.28477936387062075,42848.17578125,78.25,2034.199951171875,54.93840312325613,65.51154096141553,64.95523706930909,0,0,0,-0.04692812036242189,-0.01462892491788459,0.031097649615654976,-1.2957868714018708,-1,1,-1,0,0,0,-0.009329294884696493,0.0
2024-01-04,-0.8360655903816223,-0.9119977355003357,0.0,44179.921875,77.58999633789062,2042.300048828125,54.58942048397575,66.18123829665078,60.15862073138885,0,0,0,0.03108057856532498,0.003981957452896312,-0.0084345515924521,0.7415710215410214,0,-1,-1,0,0,0,-0.012213532314347597,0.0
2024-01-05,0.0,0.9463462233543396,0.0,44162.69140625,78.76000213623047,2042.4000244140625,54.08754587958684,54.433166935617656,57.067724047642336,0,0,0,-0.0003900067727314882,4.895244750890981e-05,0.01507933823381924,0.2621484817712383,0,1,0,0,0,0,-0.004533591959647553,0.0
2024-01-08,-0.11839790429387774,0.5425943732261658,-0.4076446443796158,46970.50390625,76.12000274658203,2026.5999755859375,66.11211233658224,51.90575126088523,48.791455078564745,0,0,0,0.06357883567763345,-0.007736020681187505,-0.03351954441395333,1.061327141565608,-1,1,-1,0,0,0,-0.0015472041362375013,0.0
2024-01-10,-0.3756275549530983,0.5279328227043152,-0.13867367804050446,46627.77734375,76.80000305175781,2021.699951171875,63.68934479021034,43.66941995789084,43.00517543008163,0,0,0,0.010577584004972662,-0.0023194202455394386,-0.01018163839952424,0.15050765020686457,-1,1,-1,0,0,0,-0.0026981845317369467,0.0
2024-01-11,-0.34991241494814557,-0.46904847025871277,-0.002542543411254883,46368.5859375,77.41000366210938,2014.300048828125,59.18163793886566,42.54063303509929,43.46089661753236,0,0,0,-0.005558733892443213,-0.003660237682382439,0.007942715965004066,-0.10651078299606007,0,-1,-1,0,0,0,-0.000335495379756101,0.0
2024-01-12,-0.09612433612346649,-0.8934555649757385,-0.5705182154973348,42853.16796875,78.29000091552734,2046.699951171875,47.19197586471666,52.32842633101285,46.957967845973954,0,0,0,-0.07581464687080208,0.016084943433625654,0.011368004286101296,-1.958345657877568,-1,-1,0,0,0,0,-0.00662738997255552,0.0
2024-01-17,0.1518595814704895,-0.9397005438804626,-0.5087236166000366,42742.65234375,77.87999725341797,2002.5999755859375,50.64612987555731,35.22847341271155,40.13604575561211,0,0,0,-0.009553782672285682,-0.011549863975351626,-0.005236986298566504,-0.39677242652141703,-1,-1,1,0,0,0,0.007086864131213167,-0.0
2024-01-19,0.01275793711344401,-0.19647857546806335,-0.6206104010343552,41618.40625,78.55999755859375,2026.5,47.082186636448895,36.862547671054166,50.55737104572234,0,0,0,0.00863620644230223,0.003913615629451028,-0.0068268132230623335,0.11592458194297013,-1,-1,0,0,0,0,-0.00714887031396002,0.0
2024-01-22,-0.026325027147928875,0.0,-0.5707494169473648,39507.3671875,80.05999755859375,2019.800048828125,43.135728769628095,37.87019104436939,59.80518293453237,0,0,0,-0.050723688211871454,-0.0033061688486922813,0.019093686947752708,-0.928867854304362,-1,0,0,0,0,0,0.026023077875674185,0.0
2024-01-23,-0.5251941919326782,-0.07447934150695801,-0.4231545329093933,39845.55078125,79.55000305175781,2023.699951171875,34.37548573702976,38.53520925287365,62.398391003513865,0,0,0,0.008560013431039293,0.0019308358498222322,-0.006370153914415089,0.08495496726264276,-1,0,-1,0,0,0,-0.004280006715519646,0.0
2024-01-24,-0.293257474899292,0.6828678846359253,-0.7211612462997437,40077.07421875,80.04000091552734,2013.9000244140625,40.432585115226736,43.539159306303766,56.94337494088547,0,0,0,0.005810521700930993,-0.004842578936733011,0.006159620929878873,0.17785292496221752,-1,1,-1,0,0,0,-0.0047531471294291585,0.0
2024-01-25,0.2539873014796864,0.4068678617477417,0.310192734003067,39933.80859375,82.43000030517578,2016.9000244140625,34.029358224108066,41.64470868090664,66.55269531292808,0,0,0,-0.0035747525934159974,0.0014896469356133757,0.029860061997885268,0.45080316262947856,1,1,1,0,0,0,-0.006872712915534906,0.0
2024-01-29,0.010783612728118896,0.7561411261558533,0.09839638074239095,43288.24609375,82.4000015258789,2025.199951171875,36.680579654445474,49.5158957890658,74.00613618599877,0,0,-1,0.03518615720198914,0.004164965361157513,-0.01376423080638911,0.5038274181520105,0,1,0,0,0,0,0.014296802431309341,0.0
2024-01-30,-0.7937567830085754,-0.3191874921321869,-0.9605799317359924,42952.609375,82.87000274658203,2031.5,38.04329253012614,51.6921000768713,71.85434165177733,0,0,-1,-0.007753530092744043,0.003110828056498649,0.005703898203879509,0.015242138667853122,-1,-1,-1,0,0,-1,0.0006221656112997298,0.0
2024-02-05,-0.10336881279945373,-0.05627787113189697,0.0,42658.66796875,77.98999786376953,2025.699951171875,47.58238266048848,49.88829141307272,49.06249046325683,0,0,0,-0.012207500646732261,-0.005107816187203462,0.008534799134710447,-0.24262570191719324,0,0,-1,0,0,0,0.004564873820393689,-0.002560439740413134
2024-02-07,-0.06610878556966782,-0.8468630611896515,0.7136827707290649,44318.22265625,79.20999908447266,2035.199951171875,65.23445045393085,57.950196610787806,50.35279229054151,0,0,0,0.028630850081180936,0.0003440408807446893,0.00788907972353603,0.8674740853437779,1,-1,0,0,0,0,-0.002366723917060809,0.0
2024-02-09,-0.16987361013889313,-0.4136912226676941,0.9143339395523071,47147.19921875,82.19000244140625,2023.300048828125,86.75814053667193,51.72075225296594,56.442846461308406,-1,0,0,0.040741037427910465,-0.00437944225843423,0.006860286742994326,1.4452082534161836,1,-1,-1,0,0,0,0.02124640716564208,0.0
2024-02-12,0.07441427877971105,-0.6556690335273743,0.4933367172876994,49958.22265625,82.0,2018.199951171875,89.30344451913915,47.32749989323286,57.557050997845316,-1,0,0,0.059622278397866824,-0.0025206828118271574,-0.0023117463896135115,2.521140217977658,1,-1,0,0,0,0,0.031008799678182895,0.0
2024-02-13,0.07334278821945191,-0.32781848311424255,-0.23701443274815878,49742.44140625,82.7699966430664,1992.9000244140625,87.6109936960688,41.13174944222894,58.27772837513846,-1,0,0,-0.004319233922406296,-0.012535887112236854,0.009390202964224548,-0.14937795540299384,-1,-1,0,-1,0,0,0.00034756046124422317,0.0
2024-02-15,-0.061987314373254776,-0.936606248219808,0.0,51938.5546875,82.86000061035156,2002.0999755859375,88.87300654306641,44.33304062772646,47.761186640393696,-1,0,0,0.0021583350882306007,0.005928717514105619,0.015441202938625942,0.3622977511692095,0,-1,0,0,0,0,-0.002264911046936424,-0.0010791675441153004
2024-02-22,0.6115293502807617,0.0,0.0,51304.97265625,83.66999816894531,2019.699951171875,85.24297649849254,36.858697055474096,69.58234934804462,-1,0,0,-0.010305082651198116,-0.0012857130957182328,0.007708050091023377,-0.3471041476905946,0,0,1,0,0,0,0.0002571426191436466,0.0
2024-02-23,-0.7823912501335144,-0.36805182695388794,0.0,50731.94921875,81.62000274658203,2038.5999755859375,81.08485858618691,50.97125133973879,66.04338083110738,-1,0,0,-0.011168964874795462,0.009357837733815932,-0.024500961721356296,-0.9185047072998827,0,-1,-1,0,0,0,-0.0073502885164068886,0.0
2024-02-26,-0.1550709292292595,0.22807198762893677,0.17374505599339804,54522.40234375,82.52999877929688,2028.5,88.51574583267177,51.090362522484156,66.66666666666666,-1,0,0,0.07471530629852263,-0.004954368540613041,0.011149179148403743,3.199532795232699,1,1,-1,0,0,0,-0.0023538800363985144,0.0
2024-02-27,0.4467310905456543,0.0,0.7206526637077332,57085.37109375,83.6500015258789,2034.0,89.9150666728734,49.8001596381016,67.89251299937033,-1,0,0,0.04700762695380023,0.002711363076164597,0.013570856211656546,2.379579608551212,1,0,1,0,0,0,0.01997482922863607,0.0
2024-02-28,0.24722755806786673,0.22342251241207123,-0.19490625858306884,62504.7890625,83.68000030517578,2033.0,91.85827369991291,49.12282580338683,66.49446573417282,-1,0,0,0.09493531994124749,-0.000491642084562427,0.0003586225791949449,4.270465376640671,-1,1,1,-1,0,0,0.047575246744382224,0.0
2024-02-29,0.1447829306125641,-0.8011709451675415,0.48563906124659945,61198.3828125,83.62000274658203,2045.699951171875,86.05203751991259,54.99630445507429,58.89189034401131,-1,0,0,-0.020900898468654838,0.0062469017077595446,-0.0007169880302932974,-0.9128898539773079,1,-1,1,0,0,0,0.01148473316679134,0.010450449234327419
2024-03-01,0.23910597960154215,0.0,-0.1766240398089091,62440.6328125,83.55000305175781,2086.89990234375,85.6595690341897,68.99638309974185,56.355144851583276,-1,0,0,0.020298739001094468,0.020139782057614797,-0.0008371166290960241,1.0801068279866708,-1,0,1,-1,0,0,0.005870278100295467,0.0
2024-03-04,0.031879414121309915,0.8298168182373047,0.450898677110672,68330.4140625,82.80000305175781,2117.699951171875,87.45999156702756,75.7638724702473,53.552413152919975,-1,-1,0,0.09432609800233993,0.014758757137097955,-0.008976660354343635,4.091862325714292,1,1,0,0,0,0,-0.04985604710747306,-0.047163049001169965
2024-03-05,0.26091311126947403,-0.9568191766738892,0.8892801702022552,63801.19921875,82.04000091552734,2133.5,74.37721976413368,88.28975879142396,46.755574544270836,-1,-1,0,-0.06628402455760396,0.00746094781717388,-0.009178769422935829,-2.933009630344573,1,-1,1,0,-1,0,-0.031649822715367204,0.0
2024-03-06,0.2194105088710785,0.568052073319753,0.2525469958782196,66106.8046875,82.95999908447266,2150.300048828125,74.57240862716377,90.44488384808977,56.181820956143476,-1,-1,0,0.03613733749494208,0.007874407700082076,0.011214019486574411,1.6402386347827338,1,1,1,0,0,0,0.019857993053426948,-0.0015748815400164152
2024-03-07,0.3301199475924174,0.4662059545516968,-0.141873562335968,66925.484375,82.95999908447266,2158.0,75.1762496407287,90.24263434819078,50.513339302121736,-1,-1,0,0.012384196927533564,0.003580872900073251,0.0,0.526534023604029,-1,1,1,-1,0,0,0.006908273043781432,0.0
2024-03-11,0.10649883508682251,-0.4753827154636383,0.1416533410549164,72123.90625,82.20999908447266,2182.5,78.65576555723669,90.19708525545485,49.27859354743653,-1,-1,0,0.05598546488085887,0.0017900955517011763,0.0015837871651798174,2.183259831979593,1,-1,1,0,-1,0,-0.027159577180535254,-0.027992732440429435
2024-03-12,-0.06062474421092442,-0.4745633006095886,0.35486862489155363,71481.2890625,81.91999816894531,2160.39990234375,78.21084498223772,82.92792677418004,43.55399245743127,-1,-1,0,-0.008909905479502545,-0.010126047036082442,-0.0035275625685065037,-0.5852257004372751,1,-1,0,0,-1,0,-0.003488012103086735,0.0020252094072164884
2024-03-13,0.014847368001937866,0.46339792013168335,-0.041243016719818115,73083.5,84.02999877929688,2175.39990234375,80.34822959411571,85.05175207371043,51.785719692038484,-1,-1,0,0.022414410239567806,0.006943158988170106,0.025756843963790965,1.3282253546559075,0,1,0,0,0,0,0.009818573322149882,-0.0013886317976340213
2024-03-14,-0.13607356697320938,0.2364106923341751,0.0,71396.59375,85.41999816894531,2163.0,77.92901963032733,78.84973063563197,70.16984733906375,-1,-1,-1,-0.0230819028918976,-0.005700056495539285,0.01654170427039081,-0.7672677567140693,0,1,-1,0,0,-1,-0.001140011299107857,0.0
2024-03-15,-0.32380758225917816,0.19209745526313782,-0.2751745780309041,69403.7734375,85.33999633789062,2157.300048828125,71.13993227241657,80.49244285177586,66.35622093457013,-1,-1,0,-0.027911980219644583,-0.0026352062745608196,-0.0009365702735846249,-1.1488493861486064,-1,1,-1,-1,0,0,-0.00024607017283677655,0.0002809710820753874
2024-03-18,0.0708441762697129,-0.9196740587552389,0.0,67548.59375,86.88999938964844,2160.699951171875,65.16870221529078,80.29651839579299,67.96008353428873,0,-1,0,-0.026730242400589965,0.0015759988257531,0.018162680082863147,-0.5638605742156294,0,-1,0,0,-1,0,0.008231516940586658,0.013365121200294983
2024-03-19,-0.42550991475582123,-0.6599758565425873,0.01741443872451782,61912.7734375,87.37999725341797,2156.300048828125,49.14709691274249,79.01180952643557,69.51476063166265,0,-1,0,-0.08343356981432348,-0.002036331949451742,0.0056392895294219425,-2.6363568299139124,0,-1,-1,0,-1,0,0.0004072663898903484,0.0004072663898903484
2024-03-22,-0.4752063240323748,-0.48283880949020386,-0.6212497154871622,63778.76171875,85.43000030517578,2158.10009765625,43.74829452312694,61.33565326994609,62.4644473676408,0,0,0,-0.02615044343853401,-0.0111344417956597,-0.0040801874458124,-0.9454921515523158,-1,-1,-1,0,0,0,0.00345094459287566,0.00222688835913194
2024-03-25,0.07507672770456834,-0.3063881794611613,0.46233031153678894,69958.8125,86.75,2174.800048828125,58.090599788233355,61.52992607597422,71.19712898354562,0,0,-1,0.09689825601354007,0.007738265333480765,0.015451243007244209,2.5040390399870875,1,-1,0,0,0,0,-0.054632153975639454,0.0
2024-03-26,0.4683837443590164,0.24679143726825714,0.871027946472168,69987.8359375,86.25,2175.60009765625,55.42383762508121,57.75602308193188,65.38822503370423,0,0,0,0.00041486463910467286,0.0003678723607516421,-0.0057636887608069065,-0.10653052794650622,1,1,1,0,0,0,0.00013385784740200802,0.0
2024-03-27,0.2902742524941762,-0.07361820340156555,0.0,69455.34375,86.08999633789062,2190.60009765625,53.56405048501033,59.565789247459726,64.42395250507865,0,0,0,-0.007608353371227561,0.006894649442312106,-0.0018551149230072728,-0.16759136606887115,0,0,1,0,0,0,-0.002981781274053541,0.0
2024-03-28,-0.2990564823150635,0.6206882447004318,0.8999446034431458,70744.953125,87.4800033569336,2217.39990234375,53.452571737989274,60.98527683693924,73.76759511047503,0,0,-1,0.018567460837021654,0.012234001411838502,0.016145976050311317,0.9550760730404975,1,1,-1,0,0,-1,0.004843792815093395,0.0
2024-04-02,0.14545592665672302,-0.9729498028755188,0.0,65446.97265625,88.91999816894531,2261.0,41.67402634262749,75.9012621945087,77.99996582035422,0,-1,-1,-0.061047985989492126,0.010954616588419341,0.017158545314782003,-0.8963722096771314,0,-1,1,0,-1,0,-0.03348063327149679,-0.0051475635944346005
2024-04-03,0.07272486090660095,-0.8170760869979858,0.002638787031173706,65980.8125,89.3499984741211,2294.39990234375,39.902214718883975,77.9869454275694,74.58406812574522,0,-1,-1,0.008156830210526378,0.014772181487726632,0.004835810998992551,0.5073673503804029,0,-1,0,0,-1,0,-0.0015036929978475611,-0.0029544362975453264
2024-04-04,-0.19068199396133423,0.46477439999580383,0.0,68508.84375,90.6500015258789,2288.800048828125,45.99042297375516,80.56380367588703,74.37089600790668,0,-1,-1,0.038314642609167615,-0.0024406615036484114,0.014549558746040026,1.0519011852499682,0,1,-1,0,0,-1,0.0004881323007296823,0.0004881323007296823
2024-04-05,-0.07693976163864136,0.2248035728931427,-0.5676846504211426,67837.640625,91.16999816894531,2325.699951171875,47.74261142016897,85.52755194963059,76.09666438081084,0,-1,-1,-0.009797320875087778,0.016121942308871873,0.005736311465123878,0.16246192051424932,-1,1,0,0,0,0,0.0015034950222372115,-0.0017208934395371632
2024-04-08,-0.12435071719320197,0.31103599071502686,0.8726327419281006,71631.359375,90.37999725341797,2331.699951171875,55.57334914564461,85.68460502263098,66.76269970339936,0,-1,0,0.05592350669993551,0.0025798684808746586,-0.00866514128982876,1.1812805873550412,1,1,-1,0,0,0,-0.027445779653792822,0.0
2024-04-10,-0.15135505369731359,0.1615308423837026,0.009820123513539633,70587.8828125,90.4800033569336,2329.60009765625,54.62153400813597,83.1084936304833,71.55089872086262,0,-1,-1,0.0209558550176423,-0.00593125766748448,0.01185422958727389,0.7438471035722409,0,1,-1,0,0,-1,0.005735407099142088,0.0
2024-04-12,0.11439890662829082,0.5357473611831665,0.2438405603170395,67195.8671875,90.44999694824219,2356.199951171875,56.06102408822979,91.7757030517145,71.94049618964605,0,-1,-1,-0.04088948430588779,0.000594488837575291,0.007911735027567923,-1.024015845263444,1,1,1,0,0,0,-0.0022546227407553186,-0.002373520508270377
2024-04-15,-0.2647956907749176,-0.4817618429660797,0.4269847720861435,63426.2109375,90.0999984741211,2365.800048828125,37.32949882473595,91.52182727969446,65.99804565529936,0,-1,0,-0.05609952528004947,0.00407439854647107,-0.003869524443669947,-1.5812249133571756,1,-1,-1,0,-1,0,-0.028395740263831504,0.0
2024-04-18,-0.1972509503364563,-0.6237661242485046,-0.19562635819117227,63512.75390625,87.11000061035156,2382.300048828125,37.56693679780242,84.05622599307613,48.37860481848278,0,-1,0,0.03649124077498622,0.004469409231556698,-0.002062095352135196,0.6892738235076493,-1,-1,-1,0,-1,0,0.01797036714682233,-0.0008938818463113396
2024-04-22,0.055438492979322164,0.03154197335243225,0.28580957651138306,66837.6796875,87.0,2332.199951171875,52.564792859807326,62.6780738248323,40.69768989194655,0,0,0,0.046897586716164286,-0.027601715254901182,-0.003322269589709159,0.41815856031233467,1,0,0,0,0,0,-0.016931769430189158,0.005520343050980237
2024-04-23,-0.6294048130512238,-0.393289053440094,-0.8949324488639832,66407.2734375,88.41999816894531,2327.699951171875,50.78950694974966,56.60978444069041,45.88859470124964,0,0,0,-0.006439574982440521,-0.0019295086588689836,0.01632181803385424,0.0058430468825338144,-1,-1,-1,0,0,0,-0.0032197874912202606,0.0
2024-04-24,0.338072144985199,0.20219271630048752,-0.3973705470561981,64276.8984375,88.0199966430664,2324.5,42.048324036861764,57.15430583266713,37.36789645720652,0,0,0,-0.03208044676017341,-0.0013747266567858407,-0.004523880730178509,-0.8925179915707406,-1,1,1,0,0,0,0.017672332930497428,-0.0
2024-04-25,0.0,0.1386382688175548,0.3746958374977112,64481.70703125,89.01000213623047,2329.800048828125,43.58182930628364,50.94082136158599,40.073559059369664,0,0,0,0.0031863484195515657,0.0022800812338674703,0.011247506599877166,0.21914229606036767,1,1,0,0,0,0,0.002237094016960861,0.0
2024-04-29,0.07258322238922119,0.016902979463338852,0.0,63841.12109375,88.4000015258789,2345.39990234375,37.18466015553467,50.440404479426284,45.24255689836901,0,0,0,0.0013457822943943043,0.004539940591891556,-0.01229048574436975,-0.10081328145442417,0,0,0,0,0,0,0.0015808792655754634,0.0
2024-04-30,0.40342095494270325,-0.1276493320862452,-0.974140465259552,60636.85546875,87.86000061035156,2291.39990234375,27.813169805963668,42.53318520724291,37.15685504530886,1,0,0,-0.050191249309274655,-0.02302379220960915,-0.00610860753627096,-1.2483488597229995,-1,-1,1,0,0,0,-0.0,-0.0
2024-05-01,0.0,-0.1591600233858282,-0.8055594563484192,58254.01171875,83.44000244140625,2299.89990234375,25.687677255375306,38.519410263714924,27.30548750356597,1,0,1,-0.03929695449375714,0.0037095227207202264,-0.0503072858893715,-1.07570902956816,-1,-1,0,0,0,0,0.003814386935923078,0.0
2024-05-03,-0.11365166732243129,-0.10175074636936188,0.0,62889.8359375,82.95999908447266,2299.0,48.796422224115524,35.414820950912755,24.055224418507947,0,0,1,0.06370405294167747,-8.696554285025915e-05,-0.008485706944071358,0.9521790071319386,0,-1,-1,0,0,0,-0.03183463336226868,0.0
2024-05-08,-0.17662832140922546,-0.24992549419403076,0.6477629542350769,61187.94140625,83.58000183105469,2313.60009765625,43.99947975165199,33.23570869411357,34.953111402209075,0,0,0,-0.018398626419713127,-0.0006910217473075075,0.005050482809642709,-0.440310589040071,1,-1,-1,0,0,0,-0.0013769404934313111,0.0
2024-05-13,-0.0782117688137552,-0.21623654663562775,0.6280030608177185,62901.44921875,83.36000061035156,2336.10009765625,41.97542586998432,52.06900408545172,28.559310198571367,0,0,1,0.034686223711685615,-0.013179550765995973,0.006884885717126643,0.5180881238613966,1,-1,0,0,0,0,0.01791355629390401,0.0
2024-05-14,0.05592527985572815,0.0026509927378760446,-0.9639249444007874,61552.7890625,82.37999725341797,2353.39990234375,43.53329789826525,56.655908416175606,27.221308090985843,0,0,1,-0.02144084393922019,0.007405420985537647,-0.01175627818807734,-0.47360105723642965,-1,0,0,0,0,0,-0.012201506166717623,0.0
2024-05-17,-0.12155963693346296,0.46009453799989486,-0.8945848345756531,67051.875,83.9800033569336,2412.199951171875,55.81310875816835,62.26140467076376,30.614032739489502,0,0,0,0.02790508695432159,0.013529391248686906,0.008526561096316554,0.9574105776429612,-1,1,-1,0,0,0,-0.013952543477160795,0.0
2024-05-22,-0.0066231489181518555,-0.30124007165431976,0.46463847160339355,69122.3359375,81.9000015258789,2389.199951171875,67.93065510535486,66.32803475376842,39.32450875999805,0,0,0,-0.01446030042296964,-0.013420324835978548,-0.011824273166208932,-0.8818161298146396,1,-1,0,0,0,0,0.008093367194151789,-0.0
2024-05-23,-0.28790868520736695,-0.4815579429268837,0.0,67929.5625,81.36000061035156,2335.0,59.956582671963794,55.46117152084382,40.14779597953594,0,0,0,-0.017255976976508713,-0.022685397739645285,-0.006593417649164657,-0.9648253532150995,0,-1,-1,0,0,0,-0.004090908940325299,-0.0
2024-05-28,-0.1936898112297058,0.31739952734538485,-0.08668608963489532,68296.21875,84.22000122070312,2355.199951171875,61.90580728731497,56.13874830082864,55.07661547275927,0,0,0,-0.003354675185926581,0.009732026225884205,0.025572313734591345,0.32837465880510874,0,1,-1,0,0,0,-0.009618099365554245,0.0
2024-05-29,-0.07548145949840546,-0.2729637026786804,-0.5116167068481445,67578.09375,83.5999984741211,2340.300048828125,62.9844506845677,53.93689194219234,50.09396912535216,0,0,0,-0.01051485738366742,-0.006326385297492965,-0.007361704317211726,-0.5181337651684288,-1,-1,0,0,0,0,0.0009432342356649245,-0.0
2024-05-31,-0.47250494360923767,-0.04954424041968126,0.016727590560913087,67491.4140625,81.62000274658203,2322.89990234375,65.12229488021308,42.79216687209934,44.79075234044866,0,0,0,-0.012778150001159894,-0.008536429567474357,-0.002931808721965523,-0.5164475252085837,0,0,-1,0,0,0,0.008096360914074818,-0.0
2024-06-03,0.036814811475136704,0.3306523398919539,0.0,68804.78125,78.36000061035156,2346.60009765625,63.823249355830995,51.74709102519731,32.04024720968319,0,0,0,0.01945976693100193,0.010202848296901212,-0.03994121571341147,0.1842536072100508,0,1,0,0,0,0,0.011982364714023442,0.0
2024-06-04,-0.6651983976364135,-0.2392136057217916,0.0,70567.765625,77.5199966430664,2325.5,70.70767559900452,45.415721286380425,32.36576320996758,-1,0,0,0.025622992224831664,-0.00899177396153883,-0.010719805522489856,0.6215721161767347,0,-1,-1,0,0,0,-0.0017983547923077659,0.0
2024-06-05,-0.11021356582641602,0.036470609903335574,0.9087090194225311,71082.8203125,78.41000366210938,2354.10009765625,63.70515033235481,44.18684970659631,34.8252070604354,0,0,0,0.007298724608017615,0.012298472438722952,0.011480999194839026,0.4812241156463416,1,0,-1,0,0,0,-0.005903994246196299,0.0
2024-06-10,-0.1946731579714808,-0.24090689420700073,0.0,69512.28125,81.62999725341797,2307.699951171875,42.08214601364137,30.207037038455212,43.70459657046797,0,0,0,0.0024472019640708886,0.0010845046212710763,0.025244843475243695,0.3440774370046245,0,-1,-1,0,0,0,-0.006349852060537664,0.0
2024-06-11,-0.07445848981539409,-0.02129662036895752,0.0,67332.03125,81.91999816894531,2307.5,39.290551546619355,31.388537647226414,46.99624880223782,0,0,0,-0.03136496113771259,-8.664522082846293e-05,0.0035526267951111468,-0.6138960599799281,0,0,0,0,0,0,-0.0010484589943676515,0.0
2024-06-12,-0.019358068704605103,0.0381295464255593,-0.02906598647435506,68241.1875,82.5999984741211,2336.0,46.60797710481536,41.21533312531395,52.23213199624369,0,0,0,0.013502581655740586,0.012351029252437806,0.008300785160827218,0.45982981901473186,0,0,0,0,0,0,0.0,0.0
2024-06-13,0.05864939093589783,-0.17544701966372403,0.0,66756.3984375,82.75,2300.199951171875,45.58315111791147,43.8818511069162,54.545450009281005,0,0,0,-0.021757960505889518,-0.015325363368204226,0.0018159991361974548,-0.6049192018743128,0,-1,0,0,0,0,0.0,0.0
2024-06-14,0.8348580400149027,0.032875540852546695,0.4221813380718231,66011.09375,82.62000274658203,2331.39990234375,40.63613141255171,49.824321732173686,51.705320174279066,0,0,0,-0.011164543099157487,0.013564016969907167,-0.0015709637875283011,-0.16112137103034022,1,0,1,0,0,0,-0.0027128033939814336,0.0
2024-06-17,0.2058623820543289,-0.22198487321535745,-0.9321310520172119,66490.296875,84.25,2312.39990234375,43.398752388817876,43.08338258490669,50.10570392577713,0,0,0,0.007259433191864062,-0.008149610017955,0.019728845306597353,0.3723137612512784,-1,-1,1,0,0,0,0.009548370187911236,0.0
2024-06-18,0.18982096513112387,0.29660352468490603,-0.8871001402537028,65140.74609375,85.33000183105469,2330.39990234375,41.48380032958661,48.415977800017345,55.90444770219846,0,0,0,-0.02029695827328193,0.0077841207231310605,0.012819012831509546,-0.18066638446690766,-1,1,1,0,0,0,0.012437358841467617,0.0
2024-06-20,0.20051170140504837,0.23155996203422546,0.00022417306900024414,64828.65625,85.70999908447266,2353.800048828125,37.21984083916036,51.635182856125745,64.48456812979958,0,0,0,-0.004791008124175322,0.010041257923518065,0.004453266673664524,0.07254407610004812,0,1,1,0,0,0,0.0057397356488906315,0.0
2024-06-21,-0.11140114068984985,-0.21399658918380737,0.9240253567695618,64096.19921875,85.23999786376953,2316.39990234375,37.603399493225176,49.07328381379354,63.38755167615262,0,0,0,-0.011298352821403679,-0.015889262345370136,-0.0054836218145318805,-0.4804331355582606,1,-1,-1,0,0,0,-0.004822939013433592,-0.0
2024-06-24,-0.2231629718291132,-0.17464187741279602,0.9217559695243835,60277.4140625,86.01000213623047,2330.0,23.68024198196035,47.56311375528635,84.67813726676927,1,0,-1,-0.05957896416318076,0.005871221822488115,0.00903336804033672,-0.8907808434046117,1,-1,-1,1,0,-1,-0.03367373685818902,0.0
2024-06-25,0.18803040981292723,-0.6107738614082336,-0.3004906972249349,61804.640625,85.01000213623047,2316.60009765625,22.553130471976132,48.66327847692804,83.4673988338415,1,0,-1,0.025336630415439876,-0.005751031048819688,-0.011626554762969366,-0.05007311922198146,-1,-1,1,0,0,0,0.017306487846374684,0.016156281636610748
2024-06-26,0.4436717629432678,0.29165487819247776,-0.29667752981185913,60811.27734375,85.25,2299.199951171875,18.764514410054787,41.46719435980526,82.44782113329154,1,0,-1,-0.016072632592061153,-0.007511070426863498,0.0028231720707985186,-0.18365390354393035,-1,1,1,0,0,0,0.010385482002642832,0.0
2024-06-27,0.056294339043753486,0.3566225270430247,0.0,61604.80078125,86.38999938964844,2324.5,22.9379713755266,43.077392009647525,81.89824232674283,1,0,-1,0.013048951973404943,0.011003848888927692,0.013372426858046182,0.5444466091002179,0,1,0,0,0,0,-0.0003119781515030775,0.0
2024-06-28,0.49324627220630646,-0.022349304623074003,0.0,60320.13671875,86.41000366210938,2327.699951171875,23.11556104425476,54.183705339308666,83.98399583323469,1,0,-1,-0.020853310881755127,0.0013766191318025367,0.00023155773356031695,-0.2216168402348743,0,0,1,0,0,0,0.00027532382636050737,0.0
2024-07-01,-0.16060546537240347,-0.10302199050784111,-0.44153445959091187,62851.98046875,86.5999984741211,2327.60009765625,32.60310117225005,53.73360755232072,80.41617095824097,0,0,-1,0.04197344183427543,-4.289793260281449e-05,0.0021987594486705397,0.5400531360035014,-1,-1,-1,0,0,-1,0.0006596278346011619,0.0
2024-07-02,0.4583675444126129,0.06947435438632965,-0.8539183735847473,62029.015625,86.23999786376953,2323.0,35.0912597135038,52.860830131001215,76.21359717712329,0,0,-1,-0.013093697885290578,-0.0019763264578318562,-0.004157051001093759,-0.3349748456884084,-1,0,1,0,0,0,0.008189229534539788,0.0012471153003281276
2024-07-08,-0.13479039569695792,-0.24579911761813694,-0.3552395701408386,56705.09765625,85.75,2355.199951171875,26.79885370121164,54.33989983305509,65.69708758963779,1,0,0,0.0007539863313177353,-0.013941824922807156,-0.00912873708307993,-0.3676520977773038,-1,-1,-1,0,0,0,-0.0031156142905828465,0.0
2024-07-10,-0.3481819521297108,0.29803062975406647,0.0,57742.49609375,85.08000183105469,2372.199951171875,31.314852129055893,58.2218679318674,48.57468464549804,0,0,0,-0.004598069730556098,0.005126839123324123,0.00496099870986999,0.07006063512099434,0,1,-1,0,0,0,-0.00021463257234777267,0.0
2024-07-11,-0.16972223669290543,0.03510215878486633,-0.035759260779932925,57344.9140625,85.4000015258789,2415.0,31.18020320026467,61.18418763111612,48.2204485492749,0,0,0,-0.006885432015347748,0.01804234453633713,0.0037611622935744826,0.1570928391458085,0,0,-1,0,0,0,0.0024801202191950815,0.0
2024-07-12,0.4535484671592712,0.14197621080610487,-0.27342429757118225,57899.46484375,85.02999877929688,2414.0,34.27602038692335,70.57335946280872,48.78049212736226,0,-1,0,0.009670444019596935,-0.00041407867494824835,-0.00433258477717835,0.08302043691550277,-1,1,1,0,0,0,0.001299775433153505,0.0
2024-07-15,-0.06651719411214192,0.41616437087456387,-0.3428816497325897,64870.15234375,84.8499984741211,2422.89990234375,60.04684089698404,69.97847362231182,42.768047062583946,0,0,0,0.12039295214232815,0.003686786389291541,-0.002116903537103254,2.0843543423611606,-1,1,0,0,0,0,-0.06009418985443674,0.0
2024-07-16,0.3044421341684129,0.3863669974463327,-0.7763023376464844,65097.1484375,83.7300033569336,2462.39990234375,57.636961763455524,78.19020681138869,42.13758430778574,0,-1,0,0.003499237870556282,0.016302778320222977,-0.013199706980891679,0.16387009155609333,-1,1,1,0,0,0,0.0015109367287664544,0.0
2024-07-17,-0.15998927354812623,0.53519493010309,-0.5829913467168808,64118.79296875,85.08000183105469,2454.800048828125,57.677117235786625,81.27014063610065,49.08108946284025,0,-1,0,-0.01502916014346345,-0.0030863603870319167,0.016123234444004098,-0.2775639504446017,-1,1,-1,0,0,0,0.011734278327526569,0.0
2024-07-18,-0.28140180110931395,0.2854404085212284,0.0,63974.06640625,85.11000061035156,2451.800048828125,55.6701088753042,78.10158632293641,42.13758430778574,0,-1,0,-0.0022571629283560934,-0.001222095462085404,0.0003525949535878592,-0.07976557609605965,0,1,-1,0,0,0,0.0007783838856846082,0.0
2024-07-19,0.8696087598800659,-0.2989365726709366,0.5587198734283447,66710.15625,82.62999725341797,2395.5,64.29917191558353,62.124478603193566,32.16975285760864,0,0,0,0.042768734230136385,-0.02296274072391602,-0.02913880083596143,0.46343314709736333,1,-1,1,0,0,0,0.004149092106005225,0.0
2024-07-23,0.30759968360265094,-0.027820324897766112,0.34105080366134644,65927.671875,81.01000213623047,2404.60009765625,59.057423748575665,64.02063533612542,27.59210202875508,0,0,1,-0.02452573786440093,0.005267599354619623,-0.01686892431927789,-0.8419203054371382,1,0,1,0,0,1,-0.018377066098907758,0.0
2024-07-24,0.6682123839855194,0.088246599986003,-0.784098207950592,65372.1328125,81.70999908447266,2413.300048828125,62.85265204225836,60.17497525161631,25.02215371326021,0,0,1,-0.008426492953570563,0.0036180449216294264,0.008640870630580055,-0.13097164040835885,-1,0,1,0,0,1,-0.0016209852876112652,0.0025922611891740165
2024-07-25,-0.12009575963020325,-0.5138405428992378,-0.1627478152513504,65777.2265625,82.37000274658203,2351.89990234375,76.62689334462888,43.8091871507411,31.266837122899872,-1,0,0,0.00619673448871394,-0.02544240054782676,0.008077391622866914,-0.05082444591586453,-1,-1,-1,-1,0,0,-0.0006751497574968958,0.002423217486860074
2024-07-26,-0.08162542184193929,0.11267488400141398,0.6683242321014404,67912.0625,81.12999725341797,2380.0,79.17266680834491,54.26997870496243,30.05179162386935,-1,0,0,0.032455548053117234,0.011947828914082192,-0.015054090710413637,1.2069607034594994,1,1,0,0,0,0,-0.014101112596250966,-0.016227774026558617
2024-07-29,-0.17180012401781583,-0.31312148911612375,0.5074358582496643,66819.9140625,79.77999877929688,2377.300048828125,73.19089249426997,52.98403089624699,29.391864897815054,-1,0,1,-0.016081803398328542,-0.0011344332654936728,-0.01663994231263477,-0.7989507886024478,1,-1,-1,0,0,0,-0.008267788352263005,-0.0
2024-07-30,-0.41281354427337646,0.05233702063560486,0.0,66201.015625,78.62999725341797,2405.0,71.85870034178367,55.39829551618698,24.343656586194854,-1,0,1,-0.009262185475442442,0.011651853196036122,-0.014414659607356772,-0.3425834990683124,0,0,-1,0,0,0,-0.002637065494721414,0.0
2024-07-31,0.20361147820949554,-0.05563848127018322,0.0,64619.25,80.72000122070312,2426.5,67.71432061129117,52.0353982300885,33.68201181864178,0,0,0,-0.023893373992326827,0.008939708939708968,0.026580237063334122,-0.565306424485415,0,0,1,0,0,0,-0.007974071119000236,0.0
2024-08-01,-0.0258399099111557,0.285139836370945,0.47774097323417664,65357.5,79.5199966430664,2435.0,68.00061320182806,53.62068965517242,31.83915612994207,0,0,0,0.011424614182306447,0.0035029878425716365,-0.014866260647787732,0.2730431972258375,1,1,0,0,0,0,-0.004459878194336319,0.0
2024-08-02,-0.4682631194591522,0.046540444547479805,0.0,61415.06640625,76.80999755859375,2425.699951171875,40.23314086020603,50.48210182777502,27.288138880806912,0,0,1,-0.06032105869640059,-0.0038193219006673607,-0.03407946678665952,-2.4174118641888174,0,0,-1,0,0,0,-0.030924393728333766,-0.0
2024-08-05,-0.08072365522384643,-0.607600824399428,-0.6415627002716064,53991.45703125,76.30000305175781,2401.699951171875,27.685450750351905,38.95963644469628,28.262145756669256,1,0,1,-0.1208760294403024,-0.00989405140087729,-0.006639689142639238,-2.5858610894436316,-1,-1,0,0,0,0,0.001991906742791771,-0.0
2024-08-06,0.36830103397369385,0.4815860986709595,0.0,56034.31640625,76.4800033569336,2389.10009765625,34.42232667421756,38.263680459427235,22.989964378599936,0,0,1,0.03783671505322772,-0.005246222996955541,0.0023591126864526135,0.5028871434270581,0,1,1,0,0,1,-0.017869112927222753,0.0
2024-08-07,0.25803522931204903,0.028446834820967454,0.9483802318572998,55027.4609375,78.33000183105469,2390.5,33.315451636444806,38.98669815433931,30.890651973277343,0,0,0,-0.017968550940289485,0.0005859538263479624,0.02418930953084719,-0.13794210583227903,1,0,1,0,0,0,0.007373983624523749,0.007256792859254157
2024-08-08,-0.25967462573732647,-0.22624764839808145,0.014789005120595297,61710.13671875,79.16000366210938,2422.199951171875,41.871905541751254,55.262112004465166,39.21692748378457,0,0,0,0.12144256099404904,0.01326080366947302,0.010596218711252714,2.2245531050233707,0,-1,-1,0,0,0,0.06390014611040033,0.0
2024-08-09,-0.2720436006784439,0.34489582975705463,-0.5794911980628967,60880.11328125,79.66000366210938,2432.10009765625,39.08405010825552,57.70858950411594,41.62592761685536,0,0,0,-0.013450358103773374,0.004087254018639186,0.00631632108222524,-0.16210999238443774,-1,1,-1,0,0,0,-0.0027123471283954093,0.0
2024-08-20,0.08257243782281876,0.5007577793938773,0.9418796300888062,59012.79296875,77.19999694824219,2511.300048828125,40.931244412009086,68.33911477885312,40.265475896095076,0,0,0,-0.008079210921579816,0.0037972658943907778,-0.005923341387783498,-0.19104944631620063,1,1,0,0,0,0,0.006576061056003113,0.0
2024-08-21,-0.02513272762298584,0.21357153994696482,-0.5013148188591003,61175.19140625,76.05000305175781,2508.39990234375,43.53284349854677,66.26770181092529,40.377162244676455,0,0,0,0.03664287570061453,-0.0011548387002693339,-0.014896294584770153,0.5541932025693492,-1,1,0,0,0,0,0.018090470110253398,0.0
2024-08-22,-0.372027325630188,-0.24996393067496164,0.9191914200782776,60381.9140625,77.22000122070312,2478.89990234375,48.23004473087528,60.82179426438498,51.243189523710825,0,0,0,-0.012967304646127387,-0.011760485229024398,0.015384590690272981,-0.25176405322994966,1,-1,-1,0,0,0,0.004131555277258813,0.0
2024-08-23,-0.0575288732846578,0.3787560661633809,0.5306934714317322,64094.35546875,79.0199966430664,2508.39990234375,69.82930650766065,71.22959220848614,57.64902965467318,0,-1,0,0.061482671821355916,0.011900440179980043,0.023309963661081845,1.9857602966180226,1,1,0,0,0,0,0.021368258776357396,0.0
2024-08-26,-0.05106837749481201,0.4718548324373033,0.0,62880.66015625,81.43000030517578,2517.699951171875,63.88964263252926,75.92736429781583,62.368811362119914,0,-1,0,-0.018936071727747583,0.003707562266860087,0.030498655587083423,-0.0808633785825329,0,1,0,0,0,0,-0.008726523410501775,0.0
2024-08-27,0.1734829545021057,-0.1450662679142422,0.0,59504.1328125,79.55000305175781,2516.0,58.28547731569818,75.2718187521017,53.04391624109808,0,-1,0,-0.05369739018896724,-0.0006752000654739465,-0.02308728044175723,-2.157584638626225,0,-1,1,0,-1,0,-0.0001350400130947893,-0.0
2024-08-30,-0.26146629452705383,-0.07379249930381775,0.029234886169433594,59119.4765625,78.80000305175781,2493.800048828125,49.38415477417712,56.33066846227982,40.979378605283316,0,0,0,-0.004524521990973862,-0.012630123514453473,-0.014260687450992071,-0.4958713303431692,0,0,-1,0,0,0,-0.0017521815324069265,0.002526024702890695
2024-09-03,-0.5971742123365402,0.23635575771331788,0.23235385119915009,57431.0234375,73.75,2489.89990234375,41.856589540616326,54.68495943977889,34.8073477361004,0,0,0,-0.02856001478996517,-0.0015639371272799796,-0.06408633066220626,-1.510691022421724,1,1,-1,0,0,0,0.019225899198661876,-0.0
2024-09-04,-0.23841798305511475,0.29474509358406065,-0.8115853071212769,57971.5390625,72.69999694824219,2493.39990234375,47.894524175374016,62.064327370550004,34.625423629126345,0,0,0,0.00941156177702851,0.0014056789980614326,-0.014237329515360164,0.06367273513510957,-1,1,-1,0,0,0,0.00925811554273459,0.0
2024-09-06,-0.3099448084831238,-0.06411635875701904,-0.922800213098526,53948.75390625,71.05999755859375,2493.5,37.44571255629056,48.72815519794265,30.37339912122991,0,0,0,-0.03938239218868078,-0.007127459998324093,-0.02242405871600306,-1.2076962331540055,-1,0,-1,0,0,0,0.024992921709476493,-0.0
2024-09-09,-0.1234553650021553,0.3305653929710388,-0.19896870851516724,57019.53515625,71.83999633789062,2501.800048828125,44.41989353335581,50.0,35.955581608741696,0,0,0,0.05692033694302334,0.003328674083868055,0.01097662265825039,1.1981705196609,-1,1,-1,0,0,0,-0.03175315526898679,0.0
2024-09-10,-0.49307188620934117,-0.15336130261421205,0.35486525297164917,57648.7109375,69.19000244140625,2512.300048828125,46.943687816709314,50.24201343836339,32.518553990898,0,0,0,0.011034389872275785,0.004196978093800263,-0.0368874447601647,-0.11084986651959827,1,-1,-1,0,0,0,0.00638843411067157,0.0
2024-09-11,0.6997231841087341,-0.20562180876731873,-0.06898072361946106,57343.171875,70.61000061035156,2512.10009765625,40.63486099169966,50.90735583243731,38.26573735916226,0,0,0,-0.005300015516934153,-7.95888898574848e-05,0.020523169805461983,0.07501426347489601,0,-1,1,0,0,0,-0.008791040922134175,0.0
2024-09-12,-0.26702808141708373,0.33183823932300915,-0.46979936957359314,58127.01171875,71.97000122070312,2551.199951171875,44.486661800771984,66.93211510643286,38.76764848757097,0,0,0,0.013669279499548104,0.015564608095077315,0.019260736419710156,0.6573031290523246,-1,1,-1,0,0,0,0.002665299306897583,0.0
2024-09-13,0.2570151388645172,0.31824769973754885,0.0,60571.30078125,71.61000061035156,2581.300048828125,40.81646617506003,67.02480064496044,33.10534443776095,0,0,0,0.04205082955798245,0.011798407899162866,-0.0050020925975474695,1.0351131853526185,0,1,1,0,0,0,-0.01716510541989441,0.0
2024-09-17,0.3225238025188446,-0.37324916464941843,0.41077861189842224,60308.5390625,73.69999694824219,2564.300048828125,52.10732360651067,60.97230371956975,35.17484194041104,0,0,0,0.0363626062794542,-0.006239286205599992,0.01305837729542536,0.7317722620167144,1,-1,1,0,0,0,0.0026696559475076096,0.0
2024-09-18,0.2792269289493561,0.2026687204837799,-0.9136565923690796,61649.6796875,73.6500015258789,2570.699951171875,56.57136748304504,66.47754884838216,36.75846729905546,0,0,0,0.02223798894564699,0.0024957696922693895,-0.0006783639678898945,0.6026572051080676,-1,1,1,0,0,0,0.01041633134400265,0.0
2024-09-19,-0.10862148553133011,0.00041242892091924494,-0.46301743388175964,62940.45703125,74.87999725341797,2588.0,58.50607549428106,65.26214932421684,36.55682950964681,0,0,0,0.020937291974474137,0.006729703643647111,0.01670055264162995,0.8658664751810828,-1,0,-1,0,0,0,-0.00411253946601866,0.0
2024-09-23,-0.4058009515206019,0.31584531494549345,0.12008419429714029,63329.80078125,73.9000015258789,2626.5,65.2715108074604,83.0271341074692,50.55107190085471,0,-1,0,0.0021651807873723783,0.002519217490082548,-0.007920477309848128,0.014984647309682547,1,1,-1,0,0,0,0.0012935527992682491,0.0
2024-09-24,0.6155646869114467,-0.135506900648276,0.41932783524195355,64301.96875,75.16999816894531,2651.199951171875,66.03073536085897,84.60531092091442,58.929885553328084,0,-1,0,0.01535087678718594,0.009404131418951023,0.01718533987609816,0.9177682816716815,1,-1,1,0,-1,0,0.0044006627145537274,0.0
2024-09-25,-0.5677287379900614,0.16800062014506414,0.8393058776855469,63143.14453125,73.45999908447266,2659.199951171875,68.28644522209382,83.8991317319333,52.47906580301589,0,-1,0,-0.018021597802944433,0.003017501564325231,-0.022748425251114313,-0.946098975012196,1,1,-1,0,0,0,-0.016438826789671557,-0.0006035003128650462
2024-09-30,-0.04766414137113662,0.060288310050964355,0.0,63329.5,71.7699966430664,2636.10009765625,65.53025206243188,77.41370455466955,59.98450499542649,0,-1,0,-0.03740901688060083,-0.0031009911963315595,-0.0029175702149638605,-1.5282066148961995,0,0,0,0,0,0,-0.01844943561507757,-0.0
2024-10-03,0.002042710781097412,0.16930453266416276,0.5867974758148193,60759.40234375,77.62000274658203,2657.10009765625,50.535014959175584,67.40133190301162,69.22585794094174,0,0,0,0.0020882627636797935,0.003777718873892999,0.05033831047216464,0.9856305981466706,1,1,0,0,0,0,0.0,0.0
2024-10-08,-0.5034202422414508,0.013004709373820911,0.0,62131.96875,77.18000030517578,2615.0,51.80970444591671,59.36577051996329,58.58880354033554,0,0,0,-0.001682150134457161,-0.011267410873396222,-0.046336339872226295,-1.1961350833039175,0,0,-1,0,0,0,-0.003094557241907825,-0.0
2024-10-14,-0.007286442177636283,-0.1765581468741099,0.9379755258560181,66046.125,77.45999908447266,2647.800048828125,54.76496398722638,49.24913785108709,55.10476889549369,0,0,0,0.057667226762912804,-0.003687555865447112,-0.01998990147714308,0.949148385029369,1,-1,0,0,0,0,0.005996970443142923,0.0
2024-10-15,-0.349511100186242,0.1450516250398424,0.0,67041.109375,74.25,2661.39990234375,60.74527403663613,50.47412790667083,51.6506485618776,0,0,0,0.015064992457922477,0.005136284184919404,-0.04144073228005141,-0.22196619425960573,0,1,-1,0,0,0,0.006505239391977358,0.0
2024-10-16,0.14574210345745087,0.39649550914764403,-0.9348439574241638,67612.71875,74.22000122070312,2674.0,57.29286136868187,50.876464165902966,55.92760434053591,0,0,0,0.008526251733136592,0.004734387209210489,-0.00040402396359429105,0.30049713220258667,-1,1,1,0,0,0,0.0010680846309203851,0.0
2024-10-17,0.2977369493908352,0.24304776191711425,0.0,67399.8359375,74.44999694824219,2691.0,54.94368765006946,60.36394608318551,55.62640791844092,0,0,0,-0.0031485616380424464,0.006357516828721099,0.003098837560715495,0.026487711007939202,0,1,1,0,0,0,0.0037754354529800915,0.0
2024-10-18,-0.20880632996559143,0.47706308364868166,0.31268707911173504,68418.7890625,73.05999755859375,2713.699951171875,67.155518358537,66.18011628747502,52.788588561844115,0,0,0,0.015118035686984221,0.00843550768185608,-0.018670241056084502,0.20559288803608977,1,1,-1,0,0,0,-0.003913970780454134,0.0
2024-10-23,-0.01824173331260681,-0.009078964591026306,0.0,66432.1953125,74.95999908447266,2714.39990234375,70.26566895330245,62.00246288288215,43.76756298363005,-1,0,0,-0.01379441121005398,-0.010859284803718228,-0.0142030749349209,-0.9095588220362074,0,0,0,0,0,0,-0.004808140085294366,-0.0
2024-10-24,0.40381500124931335,0.35233299599753487,0.4407607764005661,68161.0546875,74.37999725341797,2734.89990234375,71.13352592479396,67.97091586657068,41.46113037887456,-1,0,0,0.02602442034118191,0.007552313858506743,-0.007737484500247693,0.9063688120760917,1,1,1,0,0,0,0.0,0.0
2024-10-25,0.4143064320087433,-0.17464163303375244,0.0,66642.4140625,76.05000305175781,2740.89990234375,63.972052747960625,68.9995646209644,37.96845238834207,0,0,0,-0.022280180844656217,0.0021938645706405246,0.022452350900874718,-0.4833401596264715,0,-1,1,0,0,0,-0.0039656122379375875,0.0
2024-10-28,-0.02883681282401085,-0.15312356352806092,0.0,69907.7578125,71.41999816894531,2742.89990234375,70.54156789401362,78.40956171841954,36.38941620380136,-1,-1,0,0.04899798117963772,0.0007296873549778038,-0.060881061104776424,0.8838524392717269,0,-1,0,0,-1,0,-0.01841025580242849,0.0
2024-10-29,-0.26611073811848956,0.08226771354675293,-0.942064642906189,72720.4921875,71.12000274658203,2768.39990234375,80.06065863921266,83.60923772779543,36.91275904179817,-1,-1,0,0.04023493905417541,0.009296730069591863,-0.004200440073572009,1.5190528799121361,-1,0,-1,-1,0,0,-0.0018593460139183727,-0.0018593460139183727
2024-11-06,0.3954908847808838,-0.3801846206188202,0.0,75639.078125,74.91999816894531,2667.60009765625,66.43399447059414,45.92336196101916,51.32245555463963,0,0,0,0.09053568676993895,-0.026529923685898793,-0.008076269299752248,1.9998603276256401,0,-1,1,0,0,0,-0.0428449625950438,-0.045267843384969475
2024-11-07,-0.006942629814147949,-0.22155367786234076,0.8129600286483765,75904.859375,75.62999725341797,2698.39990234375,65.39424604073506,47.40764886091092,57.519007617332505,0,0,0,0.003513808689745934,0.01154588527514333,0.009476763238456032,0.368674575295066,1,-1,0,0,0,0,0.0005338519165081434,0.0
2024-11-08,0.36879783868789673,0.016747362911701202,-0.025735487540562946,76545.4765625,73.87000274658203,2687.5,69.19668886466022,43.99862701585023,48.80817842900381,0,0,0,0.008439738809541852,-0.004039394729551615,-0.02327111689477679,-0.16390392825482963,0,0,1,0,0,0,0.005027748350681249,0.0
2024-11-11,-0.044820159673690796,-0.5274374634027481,0.44179366032282513,88701.484375,71.83000183105469,2611.199951171875,79.59481069930312,31.09720383185794,38.24679946888201,-1,0,0,0.15880765733523816,-0.028390715843023218,-0.02761609367371698,4.840284155296333,1,-1,0,0,0,0,-0.008284828102115093,0.0
2024-11-12,-0.13166589461840117,-0.2653170466423035,0.19475534558296204,87955.8125,71.88999938964844,2600.0,80.0020778035047,32.833132813496036,40.911786799842986,-1,0,0,-0.008406532091926988,-0.004289197066983941,0.0008352715726620552,-0.351650633038175,1,-1,-1,0,0,0,-0.003345426632566706,0.0
2024-11-13,0.40680519342422483,0.024010688066482544,0.0368368923664093,90584.1640625,72.27999877929688,2580.800048828125,80.49128422219209,26.785174418390824,43.7125811422434,-1,1,0,0.029882636380625716,-0.007384596604567362,0.005424946348025594,1.2134278866472619,0,0,1,0,0,0,0.014790753606818653,0.0
2024-11-14,0.17303536335627237,-0.39528683640740137,0.20302166044712067,87250.4296875,72.55999755859375,2568.199951171875,76.70483881483437,24.490387632122733,38.60220101339903,-1,1,0,-0.03680261786927608,-0.00488224481473154,0.003873807194599399,-1.456499109904487,1,-1,1,0,0,0,0.0011621421583798196,0.0
2024-11-15,0.7315846085548401,-0.17061667641003928,0.5654834508895874,91066.0078125,71.04000091552734,2565.699951171875,77.03236630224998,23.864295164067656,48.44263284382178,-1,1,0,0.04373133907381366,-0.0009734444542992549,-0.020948135256467992,1.429841412594232,1,-1,1,0,0,0,0.01577591785082628,0.0
2024-11-18,-0.029686124324798585,0.37774175676432525,-0.4271261394023895,90542.640625,73.30000305175781,2610.60009765625,74.18486529007717,27.985512320794328,57.69774334731158,-1,1,0,-0.0057471190411420014,0.017500154865679907,0.031813092723883996,0.3245016737812239,-1,1,0,-1,1,0,0.0031703373234582173,0.0
2024-11-19,-0.32328993933541433,0.2970836818218231,0.7148385842641195,92343.7890625,73.30999755859375,2627.10009765625,76.13850874739435,27.254792673024795,52.982712281777594,-1,1,0,0.019892819836786257,0.006320385881703361,0.0001363507014984222,0.775609065642883,1,1,-1,0,1,0,-0.008682332742052457,-0.008682332742052457
2024-11-20,0.024736717343330383,0.5671724460341714,0.0,94339.4921875,72.80999755859375,2648.199951171875,81.62830224663699,36.16822556005474,48.61438483350026,-1,0,0,0.02161166598491282,0.008031613844653007,-0.006820352157294374,0.7581117770490888,0,1,0,0,0,0,0.014458261408575323,0.0016063227689306016
2024-11-21,-0.2802160978317261,0.39753843247890475,0.37919471263885496,98504.7265625,74.2300033569336,2672.10009765625,84.90792484389462,40.480956601236294,54.03861926949724,-1,0,0,0.044151545428309014,0.009025053593026078,0.01950289583785647,2.1517282673366633,1,1,-1,0,0,0,0.0018050107186052156,0.0
2024-11-22,-0.3193092793226242,0.552813070161002,0.0,98997.6640625,75.16999816894531,2709.89990234375,88.60465620066621,46.59383490338471,50.34747669938375,-1,0,0,0.005004201495724558,0.01414610355377599,0.012663273198194158,0.5322694827775958,0,1,-1,0,0,0,0.0015323394991592302,0.0
2024-11-25,0.14150876658303396,-0.30100727623159235,0.30925585826237995,93102.296875,73.01000213623047,2616.800048828125,76.53470806556219,36.95880386954266,41.405184352122525,-1,0,0,-0.05955056862531716,-0.034355458456271526,-0.028734815555805038,-3.39239697866562,1,-1,1,0,0,0,0.001749352975487205,-0.0
2024-11-26,-0.07706571370363235,-0.24309616642338888,0.0,91985.3203125,72.80999755859375,2620.300048828125,70.65146219078608,44.150370981835266,42.59648115885541,-1,0,0,-0.011997304040733403,0.0013375114394267307,-0.0027394133924764086,-0.48324629153269955,0,-1,0,0,0,0,-0.00708797832599497,0.0
2024-11-27,0.41758230328559875,0.39178262816535103,0.2089172601699829,95962.53125,72.83000183105469,2639.89990234375,73.16775470631592,42.55913786164647,39.675525435553794,-1,0,0,0.04323745271515378,0.007480003492115639,0.0002747462317223004,1.5969545804946674,1,1,1,0,0,0,-0.0014960006984231279,0.0
2024-11-29,0.1360701024532318,0.19913089937633938,0.18668996095657348,97461.5234375,72.94000244140625,2657.0,73.68947766693259,46.180814560644485,46.09571530241816,-1,0,0,0.015620598664648044,0.00647755531983174,0.0015103749496907515,0.6445753756231227,1,1,1,0,0,0,0.009558922881197597,0.0
2024-12-02,-0.14482181009493375,-0.022206463597037575,0.0,95865.3046875,71.83000183105469,2634.89990234375,60.66473431120352,53.43378169107249,50.0,0,0,0,-0.016377937607589543,-0.008317688240967236,-0.015217995245383253,-0.8907096703197366,0,0,-1,0,0,0,-0.014417905025603195,-0.0
2024-12-03,-0.4574296921491623,0.11432233452796936,0.7209132462739944,96002.1640625,73.62000274658203,2644.699951171875,62.19969330581788,56.502757858921214,56.80567852694448,0,0,0,0.0014276215513644441,0.003719324904679633,0.024919961992169393,0.4568500899367411,1,1,-1,0,0,0,-0.007475988597650817,0.0
2024-12-04,-0.8903703987598419,-0.10490878919760387,0.07463837994469537,98768.53125,72.30999755859375,2653.800048828125,62.35723289254128,60.94124379951787,50.11004683987569,0,0,0,0.02881567529768403,0.0034408809408483787,-0.01779414750224384,0.6318043486803674,0,-1,-1,0,0,0,0.020434258087684842,0.0
2024-12-05,0.23979434967041016,-0.057683318853378296,0.5922457150050572,96593.5703125,72.08999633789062,2626.60009765625,64.61833630527033,58.386007276541534,48.26823519887016,0,0,0,-0.022020788503929523,-0.010249435025779796,-0.003042473076075747,-0.8572379228565024,1,0,1,0,0,0,0.002962628927978683,-0.0
2024-12-06,0.17632628604769707,0.2686052918434143,0.40748265385627747,99920.7109375,71.12000274658203,2638.60009765625,64.06916046461167,60.190125305517086,50.30722659294322,0,0,0,0.03444474217316973,0.004568643704349062,-0.013455314753550107,0.9713906506005596,1,1,1,0,0,0,0.013185776660519833,0.0
2024-12-09,-0.30679130128451754,0.3209843093698675,0.19190117716789246,97432.71875,72.13999938964844,2664.89990234375,60.304273598542615,58.00646818608562,45.07638462514928,0,0,0,-0.024899664585615544,0.009967332568076914,0.014341909500494632,-0.46121279637348267,1,1,-1,0,0,0,-0.0061537929290440005,0.0
2024-12-10,-0.004646148000444684,0.030073593963276257,0.059937851769583564,96675.4296875,72.19000244140625,2697.60009765625,56.68684922466559,59.921198811523055,45.26229093406452,0,0,0,-0.007772430783165474,0.012270703032313035,0.0006931390654403291,-0.08262610629016728,0,0,0,0,0,0,-0.0016400165047522285,0.0
2024-12-11,0.13571454720063644,0.40232878426710766,0.4663511912027995,101173.03125,73.5199966430664,2733.800048828125,59.792654252611975,61.55509182300063,52.80632015348048,0,0,0,0.04652269534294651,0.013419317119437668,0.01842352343372844,1.7296000853274618,1,1,1,0,0,0,0.0,0.0
2024-12-12,-0.045705211162567136,-0.15688367784023285,0.3391587308474949,100043.0,73.41000366210938,2687.5,52.414421268008006,51.96027367630716,46.38447746332471,0,0,0,-0.011169293200355757,-0.016936150413770057,-0.0014960961096208703,-0.5661231011005189,1,-1,0,0,0,0,-0.009420705515818152,-0.0
2024-12-13,-0.10534403324127198,-0.13941431045532227,0.0,101459.2578125,74.48999786376953,2656.0,53.75480307911871,43.02717951568564,47.03832312646001,0,0,0,0.014156490833941326,-0.011720930232558158,0.014711812393187529,0.45391750771746286,0,-1,-1,0,0,0,0.009422431463482294,0.0
2024-12-16,-0.1033738238470895,0.4346090952555339,0.4497109651565552,106029.71875,73.91000366210938,2651.39990234375,70.54949159968388,55.80533979349653,54.545468557217845,-1,0,0,0.045047253804540555,-0.0017319644790098065,-0.007786202420368871,1.0859738478352494,1,1,-1,0,0,0,0.0026822536219126224,0.0
2024-12-17,0.14293161779642105,-0.2542961835861206,0.4466456671555837,106140.6015625,73.19000244140625,2644.39990234375,73.24480714983252,53.99665572150987,51.823442927349305,-1,0,0,0.001045771070669721,-0.002640114753648559,-0.009741593627768164,-0.15198512817771992,1,-1,1,0,0,0,0.0029173406729355975,0.0
2024-12-18,-0.0187180757522583,-0.20983591675758362,0.00013177096843719482,100041.5390625,73.38999938964844,2636.5,56.26188691464928,49.413405985735736,52.64150400184258,0,0,0,-0.057462106019896764,-0.0029874083480143643,0.002732571957519747,-2.094179062873124,0,-1,0,0,0,0,-0.027313799753089583,0.0
2024-12-19,0.13178270558516184,0.18482218186060587,-0.19901719689369202,97490.953125,72.87999725341797,2592.199951171875,50.04376589810481,39.779179980792236,49.72724857798194,0,0,0,-0.025495268879325628,-0.016802597696994104,-0.006949204802724207,-0.9930056613265783,-1,1,1,0,0,0,0.003360519539398821,-0.0
2024-12-23,0.05798224608103434,-0.5745459000269572,-0.31078652540842694,94686.2421875,72.62999725341797,2612.300048828125,48.13202909473533,45.20711503790681,44.155802042555344,0,0,0,-0.031401547812117236,-0.006238788240719106,-0.0042501395340275305,-0.9630880102340597,-1,-1,0,0,0,0,0.013177974397706536,-0.0
2024-12-24,-0.02092042565345764,0.7285115718841553,0.0,98676.09375,73.58000183105469,2620.0,49.87318839026423,44.97919436459945,57.82988018724506,0,0,0,0.04213760595334648,0.002947575327470142,0.013080058014073748,1.2140026489592244,0,1,0,0,0,0,-0.02165831804216727,0.0
2024-12-26,-0.4895930488904317,0.5643930435180664,0.0,95795.515625,73.26000213623047,2638.800048828125,48.92597151050351,51.858615628721715,57.12550611049727,0,0,0,-0.029192259396668696,0.007175591155772931,-0.0043490036268137855,-0.7388557719602379,0,1,-1,0,0,0,0.0014351182311545863,0.0
2024-12-30,-0.040576644585682796,-0.0501118004322052,-0.4666804373264313,92643.2109375,74.38999938964844,2606.10009765625,43.05658526751181,40.886579837592805,65.30614151454569,0,0,0,-0.01615940859041931,-0.0042411178827413964,0.0029661753557281845,-0.31698407255801236,-1,0,0,0,0,0,-0.0017380761832667345,0.0
2024-12-31,-0.40212653080622357,0.6896412074565887,0.0,93429.203125,74.63999938964844,2629.199951171875,45.29781440491551,39.07345050532468,66.2251715858657,0,0,0,0.008484077565384274,0.008863762959987476,0.003360666783857935,0.32097114911103897,0,1,-1,0,0,0,-0.004242038782692137,0.0
2025-01-03,0.0,0.10156114896138509,0.0,98107.4296875,76.51000213623047,2645.0,47.11701574305619,42.2473439314802,69.42354116572892,0,0,0,0.012597729955682757,-0.005227689215189235,0.0076386385977025295,0.38646880342496714,0,1,0,0,0,0,-0.0033371294223486056,0.0
2025-01-07,0.0,-0.055346548557281494,0.2018006201143618,96922.703125,77.05000305175781,2656.699951171875,37.59538914172757,51.00799842501697,71.56588828827319,0,0,-1,-0.05050430525956884,0.006936040594857751,0.009829619528209488,-1.0347962521581082,1,0,0,0,0,0,0.0013872081189715503,0.0
2025-01-10,0.1000088292818803,-0.06117714444796244,-0.11304982503255208,94701.453125,79.76000213623047,2708.5,45.96936566185279,72.75932680188853,83.26884509985346,0,-1,-1,0.023976181025154863,0.009203349997202626,0.036921529314749124,1.3754915990931171,-1,0,1,0,0,0,0.011988090512577432,0.0
2025-01-14,0.4205266407557896,0.1611645221710205,0.19945228099822998,96534.046875,79.91999816894531,2677.5,52.760263797000945,63.493375559447166,79.61006435090985,0,0,-1,0.021345722040169157,0.0014961660744343686,-0.013455177614390745,0.15808170401048655,1,1,1,0,0,0,-0.014709414304401803,0.0
2025-01-15,-0.04491693377494812,0.2557941774527232,0.19249071180820465,100504.4921875,82.02999877929688,2712.5,52.73285907025223,67.19970873804037,81.36598434473305,0,0,-1,0.041129999632577796,0.013071895424836555,0.026401409643318052,1.8815559445870562,1,1,0,0,0,0,0.031099801794251626,0.0
2025-01-17,-0.027502636114756267,0.4319546341896057,0.0,104462.0390625,80.79000091552734,2744.300048828125,64.96961530589924,74.02652784315897,74.5549002151285,0,-1,-1,0.04716598568833419,-0.0007645840337501264,-0.006150817989528323,1.1721510554541632,0,1,0,0,0,0,0.02343007603741707,0.0
2025-01-21,-0.0043409400516086155,-0.19924278557300568,0.36382128298282623,106146.265625,79.29000091552734,2755.0,69.53782913738068,78.19010272225057,66.59891875574723,0,-1,0,0.01612285742854702,0.0038989727732010593,-0.018566654078496336,0.16620289304796643,1,-1,0,0,-1,0,0.0007797945546402119,0.0
2025-01-22,0.13453872005144754,0.8948676387468973,0.24149648348490396,103653.0703125,79.0,2767.60009765625,64.09668154838526,77.2871108886204,64.72972875446035,0,-1,0,-0.023488299826845638,0.0045735381692377786,-0.0036574714614557857,-0.8182166996059004,1,1,1,0,0,0,-0.012658857547270374,-0.0009147076338475558
2025-01-23,-0.3377055898308754,-0.0654122531414032,0.0,103960.171875,78.29000091552734,2763.10009765625,60.680604184558476,72.81091065347195,58.29817302306416,0,-1,0,0.002962783076025932,-0.0016259574509376318,-0.008987330183198194,-0.10470506259722738,0,0,-1,0,0,0,-0.0015399990071340184,0.0
2025-01-24,-0.21731193065643312,-0.10712970495223999,-0.024940364062786102,104819.484375,78.5,2777.300048828125,60.2469204124516,78.92437190087057,57.184108602928255,0,-1,0,0.008265785680243276,0.005139137443453512,0.0026823231832535654,0.3725358523271858,0,-1,-1,0,-1,0,-0.0008046969549760696,0.0
2025-01-27,-0.12840372664587837,0.2660258838108608,-0.5481550693511963,102087.6875,77.08000183105469,2737.5,50.015234427972636,68.91946059723587,52.589637801275,0,0,0,-0.026061918652707572,-0.014330482169155112,-0.01808914864898492,-1.321603582543589,-1,1,-1,0,0,0,0.0082928410285265,0.0028660964338310226
2025-01-28,0.016276876131693523,0.12083402276039124,-0.9357456564903259,101332.4765625,77.48999786376953,2766.800048828125,58.132350546982266,70.1722493688484,51.49454824583455,0,-1,0,-0.007397669160641884,0.010703214183789944,0.005319097340104939,0.04645269175940696,-1,1,0,0,0,0,0.00424374821504745,0.0
2025-01-29,0.15239440311085095,0.023428926865259807,-0.1618280311425527,103703.2109375,76.58000183105469,2769.10009765625,65.68551313154413,69.55873894108302,51.424689440993795,0,0,0,0.023395602825692086,0.0008313028724642457,-0.011743399894198592,0.5102712491274896,-1,0,1,0,0,0,-0.011531540838353194,0.0
2025-01-30,0.06714460524645718,0.7318041659891605,0.21674883365631104,104735.3046875,76.87000274658203,2823.0,73.49082544344839,73.0463681627433,49.82482328617936,-1,-1,0,0.009952379879751394,0.019464772107505413,0.0037869013919211714,0.6560746583624556,1,1,0,0,0,0,-0.0038401195222993456,0.0
2025-01-31,-0.19246127605438232,0.7325176224112511,-0.21119244396686554,102405.0234375,76.76000213623047,2812.5,64.70732474908756,68.0681151109407,37.00172553997502,0,0,0,-0.022249243050878498,-0.0037194473963868546,-0.0014309952702122875,-0.8932857693646764,-1,1,-1,0,0,0,-0.01186851100471662,-0.0
2025-02-03,-0.14173470768663618,0.3144242987036705,0.4559963345527649,101405.421875,75.95999908447266,2833.89990234375,62.75521525408479,79.2487370027477,27.231719029050865,0,-1,1,-0.009761255150828374,0.007608854166666568,-0.010422134308151754,-0.3279193672091701,1,1,-1,0,0,0,0.009529038701193027,0.0
2025-02-04,0.13655547300974527,0.40833061933517456,0.2670803467432658,97871.8203125,76.19999694824219,2853.300048828125,52.34529876039589,80.35223372767348,31.835914216913437,0,-1,0,-0.034846278405663456,0.006845741611526401,0.0031595295769111242,-0.959077749252738,1,1,1,0,0,0,-0.017001849753599786,0.0
2025-02-05,-0.1620648286559365,0.31254175305366516,0.2555498679478963,96615.4453125,74.61000061035156,2871.60009765625,42.464912811818834,79.14990007139036,11.831230014018644,0,-1,1,-0.012836943218062724,0.006413643330515084,-0.020866094508778077,-0.43219405881900935,1,1,-1,0,0,0,-0.011395571295561768,0.0
2025-02-06,0.03309755523999532,-0.29614827036857605,0.10877246856689453,96593.296875,74.29000091552734,2856.0,43.69316808416793,71.52397007408601,12.36554199946184,0,-1,1,-0.00022924323774897726,-0.005432545314712378,-0.004288965181697413,-0.10608760088644542,1,-1,0,0,-1,0,8.55588726922595e-05,-0.0
2025-02-07,-0.08994391229417589,0.11598912253975868,0.0,96529.0859375,74.66000366210938,2867.300048828125,30.59443352574202,73.31309010611498,16.575771114599945,0,-1,1,-0.0006647556256734743,0.003956599729735721,0.004980518804983625,0.06055174882786759,0,1,0,0,0,0,-0.0011236977587838815,-0.0007913199459471444
2025-02-10,0.013997424216497512,0.5601946711540222,0.0,97437.5546875,75.87000274658203,2914.300048828125,27.856356492964466,76.54113085548371,30.743231052359363,1,-1,0,0.009411347276075954,0.016391727129920985,0.01620679112137169,0.46490507096593514,0,1,0,0,0,0,0.0032783454259841974,0.0
2025-02-11,0.4178855527531017,-0.28028110166390735,-0.0667046138218471,95747.4296875,77.0,2912.5,29.04243033763342,75.04316550405325,39.711919297843515,1,-1,0,-0.017345724709743937,-0.0006176607754746488,0.014893860715839757,-0.11368401604508976,0,-1,1,0,-1,0,-0.00012353215509492977,0.0
2025-02-12,0.13543502723469453,-0.3629543696131025,0.0,97885.859375,75.18000030517578,2909.0,35.32235204215317,75.30346064538419,35.64171529854006,0,-1,0,0.02233406885677658,-0.001201716738197467,-0.023636359673041785,0.024688131500520794,0,-1,1,0,-1,0,-0.0068505645542730415,0.0002403433476394934
2025-02-13,-0.1577758550643921,-0.12932489977942574,0.0,96623.8671875,75.0199966430664,2925.89990234375,30.574567740019233,75.53259945785724,33.858969323156074,0,-1,0,-0.012892487184132717,0.005809522978257098,-0.0021282742944915833,-0.1629576524605553,0,-1,-1,0,-1,0,-0.0018003868839988947,-0.0011619045956514195
2025-02-14,-0.34025284222194124,0.25426340103149414,-0.31622616449991864,97508.96875,74.73999786376953,2883.60009765625,38.10622000558488,74.88928409816866,37.86303958820229,0,-1,0,0.009160278803397981,-0.014457023855674711,-0.0037323219384968187,-0.1162713082586079,-1,1,-1,0,0,0,0.004011101352683988,0.0028914047711349426
2025-02-18,0.053400278091430664,0.5631653931405809,0.0,95539.546875,75.83999633789062,2931.60009765625,35.84506937394505,76.39334955203081,42.01354089040181,0,-1,0,-0.02019734082153335,0.01664585877875835,0.014717667989850414,0.031673826715237774,0,1,0,0,0,0,0.009012541769563221,0.0
2025-02-19,-0.14894338629462503,-0.11481462825428355,0.0,96635.609375,76.04000091552734,2919.39990234375,31.583194662330172,73.33122619042206,47.19334323621059,0,-1,0,0.011472343504350446,-0.004161616491367259,0.002637191288164642,0.17526883293861678,0,-1,-1,0,-1,0,-0.0008323232982734519,0.0
2025-02-24,0.049503126314708164,0.4890843199359046,-0.4021734893321991,91418.171875,74.77999877929688,2947.89990234375,28.696167480578765,71.14242557607568,44.76021278282451,1,-1,0,-0.04897111281063904,0.0035061970129008913,0.004702384424103645,-0.7274819298893442,-1,1,0,0,0,0,-0.002111954729811272,-0.0007012394025801783
2025-02-25,-0.4941318697399563,-0.3600513726472855,-0.46513739228248596,88736.171875,73.0199966430664,2904.5,29.77803556093258,58.71934208392754,37.55869049090173,1,0,0,-0.029337712021491935,-0.014722312080286182,-0.023535733684950655,-0.9464554814502493,-1,-1,-1,0,0,0,0.011724393594688732,-0.0
2025-02-26,-0.6725960969924927,0.25710295637448627,-0.7075549364089966,84347.0234375,72.52999877929688,2916.800048828125,26.151150831907287,57.85813181393352,41.09588862136673,1,0,0,-0.04946290046952739,0.004234824867662246,-0.006710461329719308,-0.7623316205904989,-1,1,-1,0,0,0,0.025897623660147043,0.0
2025-02-27,-0.04725453588697645,-0.4165129429764218,0.9389533400535583,84704.2265625,74.04000091552734,2883.199951171875,27.185767814293655,54.4502559243675,49.02874981178471,1,0,0,0.004234922709094535,-0.011519506683274172,0.020819001263536308,0.1787472311813417,1,-1,0,1,0,0,-0.010667063070262994,0.0
2025-02-28,-0.393881467255679,-0.3223770640113137,0.3181528002023697,84373.0078125,73.18000030517578,2836.800048828125,26.910011283981788,45.52391748942677,44.46106869705897,1,0,0,-0.003910297790814532,-0.016093196146486743,-0.01161535115771728,-0.3992537974426875,1,-1,-1,1,0,0,0.001263490333890083,-0.001955148895407266
2025-03-03,-0.2297338204724448,0.056829395619305695,0.9347575902938843,86065.671875,71.62000274658203,2890.199951171875,29.02444120694402,46.52836001463017,34.500372287559586,1,0,0,0.02006167738219755,0.018823992323959926,-0.021317266358133913,0.15698182384603132,1,0,-1,1,0,0,0.012661220133746962,0.010030838691098776
2025-03-04,0.2753900560465726,-0.1909944494565328,0.8521219789981842,87222.1953125,71.04000091552734,2909.60009765625,33.95935973263198,49.60242601134013,27.355646007992306,0,0,1,0.013437685575495406,0.006712389043017186,-0.008098321820887766,0.17365541294450698,1,-1,1,0,0,1,0.009148339334014034,0.006718842787747703
2025-03-07,-0.24315306970051356,0.2181445184875937,0.0,86742.671875,70.36000061035156,2904.699951171875,31.795602472473178,53.28760422000187,34.01461390543007,0,0,0,-0.0357824911826653,-0.00408014334702167,0.012957119748653989,-0.6037313987881817,0,1,-1,0,0,0,-0.01318808099733212,0.0038871359245961964
2025-03-11,-0.24853098392486572,-0.6762681007385254,0.0,82862.2109375,69.55999755859375,2912.89990234375,32.36259643325269,48.903137987746,26.45347982951411,0,0,1,0.05513944554449135,0.007575199703822255,0.004041552890161837,0.8203971219509776,0,-1,-1,0,0,0,0.00030257407371590004,0.0
2025-03-12,-0.3913620039820671,-0.9089388251304626,0.6565935611724854,83722.359375,70.94999694824219,2939.10009765625,30.87880832617674,49.850960146597636,31.203240133003533,0,0,0,0.010380466895202334,0.008994540214519287,0.019982740633042395,0.4145255865908595,1,-1,-1,0,0,0,-0.007793730232816576,0.0
2025-03-17,0.0011159591376781464,0.8826333284378052,-0.2956050435702006,84075.6875,71.06999969482422,3000.0,43.20127371693761,65.56894998105463,42.38876924323062,0,0,0,0.001269347123127984,0.0018367006177992806,0.006942446175368877,0.11924285244937731,-1,1,0,0,0,0,-0.001815400414606527,0.0
